audit_row_id,complex_id,protein,ligand,pocket,replica,audit_universe,in_validation3_usable_feature_cohort,in_current_59row_matched_cohort,in_checkpoint_artifact,separate_launch_topology_path,separate_launch_trajectory_path,separate_launch_qc_status,separate_launch_usable_20ns,separate_launch_notes,separate_launch_n_terminal_pose_frames,separate_launch_pose_rmsd_18_20_A,separate_launch_centroid_displacement_18_20_A,separate_launch_pocket_retention_18_20,separate_launch_n_baseline_neighbors,separate_launch_structural_state_20ns,late_pose_rmsd_median_last30pct_A,late_centroid_displacement_median_last30pct_A,late_outcome_usable_stored,late_pose_retained_stored_legacy,existing_contact_label_unstable,existing_contact_label_usable,existing_contact_fraction,existing_rmsd_late,existing_drift,baseline_corrected_final_frame_pose_rmsd_20ns_A,baseline_no_pbc_pose_rmsd_18_20_A,baseline_no_pbc_centroid_displacement_18_20_A,baseline_ligand_self_aligned_rmsd_18_20_A,same_traj_pose_rmsd_5ns_A,same_traj_centroid_displacement_5ns_A,same_traj_pocket_retention_5ns,same_traj_pose_rmsd_10ns_A,same_traj_centroid_displacement_10ns_A,same_traj_pocket_retention_10ns,same_traj_pose_rmsd_15ns_A,same_traj_centroid_displacement_15ns_A,same_traj_pocket_retention_15ns,same_traj_pose_rmsd_20ns_A,same_traj_centroid_displacement_20ns_A,same_traj_pocket_retention_20ns,same_traj_pose_rmsd_30ns_A,same_traj_centroid_displacement_30ns_A,same_traj_pocket_retention_30ns,same_traj_pose_rmsd_18_20_A,same_traj_centroid_displacement_18_20_A,same_traj_pocket_retention_18_20,source21_same_traj_pocket_retention_18_20,source21_same_traj_pose_rmsd_18_20_A,source21_same_traj_centroid_displacement_18_20_A,source21_pocket_notes,source21_pose_notes,legacy_same_traj_structural_state_20ns,legacy_saved_pose_decision_continue,legacy_saved_retention_decision_continue,legacy_saved_combined_decision_continue,starting_structure_identical,energy_check,n_overlap_points,raw_pe_corr,fluctuation_corr,mean_abs_pe_diff,pe100_std,source17_n_frames_100ns,source17_n_late_frames,source17_outcome_notes,trace_start_time_ns,trace_end_time_ns,trace_n_frames,trajectory_frame_interval_ns,trajectory_n_frames_audited,trajectory_end_time_ns_audited,late_window_required_start_ns,late_window_required_end_ns,late_window_70_100_coverage_ok,late_window_coverage_status,late_metrics_available,late_outcome_usable,late_rmsd_minus_centroid_A,audit_centroid_le_rmsd,late_pose_retained_rmsd_only_all_metrics,late_pose_retained_legacy_recomputed,late_pose_retained_locked,audit_locked_equals_legacy_formula,audit_locked_equals_stored_legacy,locked_late_outcome_definition,locked_late_outcome_definition_id,legacy_centroid_condition_status,audit_source21_pose_matches_checkpoint,audit_source21_centroid_matches_checkpoint,audit_source21_retention_matches_checkpoint,eligible_checkpoint_5ns_rmsd,eligible_checkpoint_5ns_pose_pair,eligible_checkpoint_10ns_rmsd,eligible_checkpoint_10ns_pose_pair,eligible_checkpoint_15ns_rmsd,eligible_checkpoint_15ns_pose_pair,eligible_checkpoint_20ns_rmsd,eligible_checkpoint_20ns_pose_pair,eligible_checkpoint_30ns_rmsd,eligible_checkpoint_30ns_pose_pair,eligible_locked_checkpoint_common_cohort,eligible_locked_primary_pose_model,locked_primary_pose_model_exclusion_reason,legacy_pose_prediction_available,locked_lopo_fold,locked_lopo_train_n,locked_lopo_train_proteins,locked_lopo_probability_retained,locked_lopo_decision_continue,audit_locked_decision_matches_legacy_saved
1,AFR1|Milbemycin|pocket11|replica_1,AFR1,Milbemycin,pocket11,replica_1,complete_discovered_separate_launch_cohort,False,False,False,/media/zhenli/datadrive/valleyfevermutation/simulation_20ns_md/AFR1/simulation_explicit/pocket11/replica_1/AFR1_prepared_Milbemycin_pocket11_complex_recombined_complex_explicit_initial_frame.pdb,/media/zhenli/datadrive/valleyfevermutation/simulation_20ns_md/AFR1/simulation_explicit/pocket11/replica_1/AFR1_prepared_Milbemycin_pocket11_complex_recombined_complex_explicit_trajectory.dcd,,False,"insufficient terminal frames (R_pocket): only 0 frames in terminal window (18.0, 20.0) ns (need >= 3)",,,,,0,,,,,,,,,,,,,,,,,,,,,,,,,,,,,,,,,,,,,,,,,,,,,,,,,,,,0.2000000005962811,100.00000029814058,500.0,0.2,500.0,100.00000029814058,70.0,100.0,True,complete_70_100ns,False,False,,,,,,,,complete nominal 70-100 ns coverage AND median corrected pose RMSD < 3 A,late_pose_retained_rmsd_v1,audited redundant; retained for provenance only,,,,False,False,False,False,False,False,False,False,False,False,False,False,missing:late_metrics;same_traj_pose_rmsd_18_20;same_traj_centroid_displacement_18_20,False,,,,,,
2,AFR1|Milbemycin|pocket8|replica_1,AFR1,Milbemycin,pocket8,replica_1,complete_discovered_separate_launch_cohort,True,True,True,/media/zhenli/datadrive/valleyfevermutation/simulation_20ns_md/AFR1/simulation_explicit/pocket8/replica_1/AFR1_prepared_Milbemycin_pocket8_complex_recombined_complex_explicit_initial_frame.pdb,/media/zhenli/datadrive/valleyfevermutation/simulation_20ns_md/AFR1/simulation_explicit/pocket8/replica_1/AFR1_prepared_Milbemycin_pocket8_complex_recombined_complex_explicit_trajectory.dcd,passed,True,,101.0,3.20786913916112,2.4663832729272626,0.6554455445544555,20,pocket_lost_instability,2.688430615565329,0.8716556267864948,True,1,1,True,0.4117647058823529,1.6708480638293977,1.7969422,2.915501187512567,88.39893710890364,88.35617351190723,1.201800407124234,2.8101647703344463,2.002802371368336,0.6916996047430829,2.9317600637984857,2.066308576463788,0.6877470355731226,2.7466810473893664,1.1173840216896236,0.6482213438735178,2.928170262228453,1.0188443215391276,0.6324110671936759,2.7083180890273786,0.5188221643917825,0.6205533596837944,2.928170262228453,1.0188443215391276,0.6324110671936759,0.6324110671936759,2.928170262228453,1.0188443215391276,,,metric_discordant_uncertain,1.0,0.0,1.0,True,ok,999.0,0.0216549985956506,-0.0089003643636018,4370.696574547742,4344.148723251712,500.0,150.0,,0.2000000005962811,100.00000029814058,500.0,0.2,500.0,100.00000029814058,70.0,100.0,True,complete_70_100ns,True,True,1.816774988778834,True,1,1,1,True,True,complete nominal 70-100 ns coverage AND median corrected pose RMSD < 3 A,late_pose_retained_rmsd_v1,audited redundant; retained for provenance only,True,True,True,True,True,True,True,True,True,True,True,True,True,True,True,eligible,True,held_out_protein=AFR1,51,14,0.5919693485184909,1,True
3,AFR1|Milbemycin|pocket9|replica_1,AFR1,Milbemycin,pocket9,replica_1,complete_discovered_separate_launch_cohort,True,True,True,/media/zhenli/datadrive/valleyfevermutation/simulation_20ns_md/AFR1/simulation_explicit/pocket9/replica_1/AFR1_prepared_Milbemycin_pocket9_complex_recombined_complex_explicit_initial_frame.pdb,/media/zhenli/datadrive/valleyfevermutation/simulation_20ns_md/AFR1/simulation_explicit/pocket9/replica_1/AFR1_prepared_Milbemycin_pocket9_complex_recombined_complex_explicit_trajectory.dcd,passed,True,,101.0,8.295952922230828,7.130043316110135,0.5438472418670437,28,pocket_lost_instability,1.1117454132039326,0.5823503368477967,True,1,0,True,0.5384615384615384,0.7737150542608079,6.4463034,1.1006873186204764,117.90744849682278,117.90339612909592,0.610040725145825,1.0377386234944763,0.6244915750204346,0.9272727272727272,0.8885846560599879,0.3994795804742328,0.9227272727272726,1.0426087834213098,0.4891679311415062,0.8409090909090909,1.0477426819815456,0.3761618678798901,0.8681818181818183,1.1881674763196453,0.6382528443151517,0.9045454545454548,1.0477426819815456,0.3761618678798901,0.8681818181818183,0.8681818181818183,1.0477426819815456,0.3761618678798901,,,retained_stable,1.0,1.0,1.0,True,insufficient overlap,,,,,,244.0,74.0,,0.2000000005962811,48.8000001454926,244.0,0.2,244.0,48.8000001454926,70.0,100.0,False,excluded_incomplete_before_100ns,True,False,0.5293950763561359,True,1,1,,,,complete nominal 70-100 ns coverage AND median corrected pose RMSD < 3 A,late_pose_retained_rmsd_v1,audited redundant; retained for provenance only,True,True,True,False,False,False,False,False,False,False,False,False,False,False,False,missing:incomplete_70_100ns_coverage,True,,,,,,
4,ATRF_ASPFU|Milbemycin|pocket1|replica_1,ATRF_ASPFU,Milbemycin,pocket1,replica_1,complete_discovered_separate_launch_cohort,True,True,True,/media/zhenli/datadrive/valleyfevermutation/simulation_20ns_md/ATRF_ASPFU/simulation_explicit/pocket1/replica_1/ATRF_ASPFU_prepared_Milbemycin_pocket1_complex_recombined_complex_explicit_initial_frame.pdb,/media/zhenli/datadrive/valleyfevermutation/simulation_20ns_md/ATRF_ASPFU/simulation_explicit/pocket1/replica_1/ATRF_ASPFU_prepared_Milbemycin_pocket1_complex_recombined_complex_explicit_trajectory.dcd,passed,True,,101.0,4.510425048683126,3.585116096374323,0.7399913904433921,23,pocket_retained_perturbation,2.597496552833854,2.4106777572146543,True,1,1,True,0.3888888888888889,1.3293231921922504,2.7832518,2.963001006186417,150.47124092990614,150.45277564423031,0.637633893780046,0.8465921306729886,0.6539881526553727,0.9309090909090908,2.748822721396567,2.0181299407343105,0.8472727272727275,2.7477108747403687,2.033757294207247,0.8654545454545456,3.087875571221137,2.3637267769552963,0.8690909090909091,3.014244923198232,2.744060521997454,0.890909090909091,3.087875571221137,2.3637267769552963,0.8690909090909091,0.8690909090909091,3.087875571221137,2.3637267769552963,,,pocket_retained_perturbation,0.0,1.0,1.0,True,ok,999.0,0.032637331137814,0.0635043270884931,4551.485995291074,3428.8450918998983,500.0,150.0,,0.2000000005962811,100.00000029814058,500.0,0.2,500.0,100.00000029814058,70.0,100.0,True,complete_70_100ns,True,True,0.18681879561919956,True,1,1,1,True,True,complete nominal 70-100 ns coverage AND median corrected pose RMSD < 3 A,late_pose_retained_rmsd_v1,audited redundant; retained for provenance only,True,True,True,True,True,True,True,True,True,True,True,True,True,True,True,eligible,True,held_out_protein=ATRF_ASPFU,49,14,0.532119404764592,1,False
5,ATRF_ASPFU|Milbemycin|pocket11|replica_1,ATRF_ASPFU,Milbemycin,pocket11,replica_1,complete_discovered_separate_launch_cohort,True,True,True,/media/zhenli/datadrive/valleyfevermutation/simulation_20ns_md/ATRF_ASPFU/simulation_explicit/pocket11/replica_1/ATRF_ASPFU_prepared_Milbemycin_pocket11_complex_recombined_complex_explicit_initial_frame.pdb,/media/zhenli/datadrive/valleyfevermutation/simulation_20ns_md/ATRF_ASPFU/simulation_explicit/pocket11/replica_1/ATRF_ASPFU_prepared_Milbemycin_pocket11_complex_recombined_complex_explicit_trajectory.dcd,passed,True,,101.0,5.582644937189329,4.673605594865786,0.7628973423658154,19,pocket_retained_perturbation,5.069875437587399,2.1900516007967368,True,0,1,True,0.8461538461538461,1.3551342351279947,4.820549,5.59069359528059,238.90489557935825,238.8720637502913,0.8948828593083977,2.523473942968111,1.8297407691986307,0.7556818181818182,3.02558682073948,2.3990099507434497,0.7784090909090909,3.233792451391309,2.43581059043679,0.7897727272727273,5.903697590630233,4.363098357935531,0.5056818181818182,5.519773681393555,3.95745017442902,0.5511363636363636,5.903697590630233,4.363098357935531,0.5056818181818182,0.5056818181818182,5.903697590630233,4.363098357935531,,,pocket_lost_instability,0.0,0.0,0.0,True,ok,999.0,0.0129156063722037,0.0060828736461722,3752.655794574639,5254.845313826872,500.0,150.0,,0.2000000005962811,100.00000029814058,500.0,0.2,500.0,100.00000029814058,70.0,100.0,True,complete_70_100ns,True,True,2.879823836790662,True,0,0,0,True,True,complete nominal 70-100 ns coverage AND median corrected pose RMSD < 3 A,late_pose_retained_rmsd_v1,audited redundant; retained for provenance only,True,True,True,True,True,True,True,True,True,True,True,True,True,True,True,eligible,True,held_out_protein=ATRF_ASPFU,49,14,0.12477513295343699,0,True
6,ATRF_ASPFU|Milbemycin|pocket7|replica_1,ATRF_ASPFU,Milbemycin,pocket7,replica_1,complete_discovered_separate_launch_cohort,True,True,True,/media/zhenli/datadrive/valleyfevermutation/simulation_20ns_md/ATRF_ASPFU/simulation_explicit/pocket7/replica_1/ATRF_ASPFU_prepared_Milbemycin_pocket7_complex_recombined_complex_explicit_initial_frame.pdb,/media/zhenli/datadrive/valleyfevermutation/simulation_20ns_md/ATRF_ASPFU/simulation_explicit/pocket7/replica_1/ATRF_ASPFU_prepared_Milbemycin_pocket7_complex_recombined_complex_explicit_trajectory.dcd,passed,True,,101.0,3.973537223312336,2.9443938969175094,0.7120462046204622,12,pocket_retained_perturbation,10.116113375935443,8.660203564538202,True,0,1,True,0.5,1.985422103748078,1.502294,8.288903791510688,40.87925642326207,40.259033269645336,1.054946795003234,3.3882033585135063,1.0074372716453333,0.8246753246753248,5.784323990526598,1.6001667108906352,0.7792207792207791,7.168312369257841,1.8615878494968088,0.7142857142857143,7.389993005380443,1.967800998837569,0.6948051948051949,9.520034439380373,7.904769126839839,0.4220779220779221,7.389993005380443,1.967800998837569,0.6948051948051949,0.6948051948051949,7.389993005380443,1.967800998837569,,,pocket_retained_perturbation,0.0,1.0,0.0,True,ok,999.0,0.0341316868703319,0.0235158736671682,3887.1660364152217,4616.492149998288,500.0,150.0,,0.2000000005962811,100.00000029814058,500.0,0.2,500.0,100.00000029814058,70.0,100.0,True,complete_70_100ns,True,True,1.455909811397241,True,0,0,0,True,True,complete nominal 70-100 ns coverage AND median corrected pose RMSD < 3 A,late_pose_retained_rmsd_v1,audited redundant; retained for provenance only,True,True,True,True,True,True,True,True,True,True,True,True,True,True,True,eligible,True,held_out_protein=ATRF_ASPFU,49,14,0.07180617060514037,0,True
7,CDR1_CANAR|Milbemycin|pocket1|replica_1,CDR1_CANAR,Milbemycin,pocket1,replica_1,complete_discovered_separate_launch_cohort,True,True,True,/media/zhenli/datadrive/valleyfevermutation/simulation_20ns_md/CDR1_CANAR/simulation_explicit/pocket1/replica_1/CDR1_CANAR_prepared_Milbemycin_pocket1_complex_recombined_complex_explicit_initial_frame.pdb,/media/zhenli/datadrive/valleyfevermutation/simulation_20ns_md/CDR1_CANAR/simulation_explicit/pocket1/replica_1/CDR1_CANAR_prepared_Milbemycin_pocket1_complex_recombined_complex_explicit_trajectory.dcd,passed,True,,101.0,3.853994305103314,2.423298495818264,0.6767805812839346,31,pocket_lost_instability,1.4280238095697062,0.6600635284395672,True,1,1,True,0.5333333333333333,1.8514195543944527,2.805574,3.0118502453013183,163.5140426944648,163.51047578656815,1.0083796172333612,2.218944343824889,1.905531034902986,0.7393939393939394,2.9646274741282848,2.76269660917415,0.6909090909090909,2.8524035303312165,2.623900320335611,0.7090909090909091,3.307294517985378,3.126426130852743,0.709090909090909,2.7964395299526874,2.5370719581628984,0.7393939393939394,3.307294517985378,3.126426130852743,0.709090909090909,0.709090909090909,3.307294517985378,3.126426130852743,,,pocket_retained_perturbation,0.0,1.0,0.0,True,ok,999.0,-0.0170639254544197,-0.0426043563992196,3489.231361194953,5784.2057321211005,500.0,150.0,,0.2000000005962811,100.00000029814058,500.0,0.2,500.0,100.00000029814058,70.0,100.0,True,complete_70_100ns,True,True,0.767960281130139,True,1,1,1,True,True,complete nominal 70-100 ns coverage AND median corrected pose RMSD < 3 A,late_pose_retained_rmsd_v1,audited redundant; retained for provenance only,True,True,True,True,True,True,True,True,True,True,True,True,True,True,True,eligible,True,held_out_protein=CDR1_CANAR,48,14,0.46431994822798917,0,True
8,CDR1_CANAR|Milbemycin|pocket11|replica_1,CDR1_CANAR,Milbemycin,pocket11,replica_1,complete_discovered_separate_launch_cohort,True,True,True,/media/zhenli/datadrive/valleyfevermutation/simulation_20ns_md/CDR1_CANAR/simulation_explicit/pocket11/replica_1/CDR1_CANAR_prepared_Milbemycin_pocket11_complex_recombined_complex_explicit_initial_frame.pdb,/media/zhenli/datadrive/valleyfevermutation/simulation_20ns_md/CDR1_CANAR/simulation_explicit/pocket11/replica_1/CDR1_CANAR_prepared_Milbemycin_pocket11_complex_recombined_complex_explicit_trajectory.dcd,passed,True,,101.0,2.64848388339142,1.4995018638689208,0.7440594059405939,20,retained_stable,5.003317415850967,4.27112197000934,True,0,1,True,0.25,0.7151927406602303,5.6361923,4.336785874586978,242.0654459951509,242.0430989392672,0.5500931569642002,3.093230788757459,2.706226546436246,0.5781818181818182,3.3418919063433106,1.5620171695040437,0.5818181818181819,3.826969577452125,2.0835905299160977,0.56,4.058915311048265,2.4200382654112254,0.4618181818181819,4.263284479447028,3.3144068065833623,0.44,4.058915311048265,2.4200382654112254,0.4618181818181819,0.4618181818181819,4.058915311048265,2.4200382654112254,,,pocket_lost_instability,0.0,0.0,0.0,True,ok,999.0,0.0216991201067633,-0.021106346137676,3642.3874164764406,3731.645823487996,,,,0.2000000005962811,100.00000029814058,500.0,0.2,500.0,100.00000029814058,70.0,100.0,True,complete_70_100ns,True,True,0.7321954458416267,True,0,0,0,True,True,complete nominal 70-100 ns coverage AND median corrected pose RMSD < 3 A,late_pose_retained_rmsd_v1,audited redundant; retained for provenance only,True,True,True,True,True,True,True,True,True,True,True,True,True,True,True,eligible,True,held_out_protein=CDR1_CANAR,48,14,0.3814490891739767,0,True
9,CDR1_CANAR|Milbemycin|pocket2|replica_1,CDR1_CANAR,Milbemycin,pocket2,replica_1,complete_discovered_separate_launch_cohort,True,True,True,/media/zhenli/datadrive/valleyfevermutation/simulation_20ns_md/CDR1_CANAR/simulation_explicit/pocket2/replica_1/CDR1_CANAR_prepared_Milbemycin_pocket2_complex_recombined_complex_explicit_initial_frame.pdb,/media/zhenli/datadrive/valleyfevermutation/simulation_20ns_md/CDR1_CANAR/simulation_explicit/pocket2/replica_1/CDR1_CANAR_prepared_Milbemycin_pocket2_complex_recombined_complex_explicit_trajectory.dcd,passed,True,,101.0,4.291318159663391,2.716483790551637,0.7114044737807118,27,pocket_retained_perturbation,3.3031472545070586,2.2318237766622566,True,0,1,True,1.0,1.563159663499205,4.8381763,1.772819995654634,89.17524674910908,89.16514723353376,0.691926041402935,2.1037191164710967,1.5417186288883251,0.7587412587412588,2.1385469016800505,1.4747906680652083,0.7587412587412586,2.210669952128536,1.7714340909586823,0.7237762237762239,2.058618460814053,1.564156713298778,0.6993006993006993,2.309713354530334,1.8982624953610072,0.6573426573426575,2.058618460814053,1.564156713298778,0.6993006993006993,0.6993006993006993,2.058618460814053,1.564156713298778,,,retained_stable,1.0,1.0,1.0,True,ok,999.0,-0.0158455660326884,-0.0416567537350187,3387.2126693451914,3518.2267996803625,500.0,150.0,,0.2000000005962811,100.00000029814058,500.0,0.2,500.0,100.00000029814058,70.0,100.0,True,complete_70_100ns,True,True,1.071323477844802,True,0,0,0,True,True,complete nominal 70-100 ns coverage AND median corrected pose RMSD < 3 A,late_pose_retained_rmsd_v1,audited redundant; retained for provenance only,True,True,True,True,True,True,True,True,True,True,True,True,True,True,True,eligible,True,held_out_protein=CDR1_CANAR,48,14,0.7244383582347126,1,True
10,CDR1_CANAR|Milbemycin|pocket3|replica_1,CDR1_CANAR,Milbemycin,pocket3,replica_1,complete_discovered_separate_launch_cohort,True,True,True,/media/zhenli/datadrive/valleyfevermutation/simulation_20ns_md/CDR1_CANAR/simulation_explicit/pocket3/replica_1/CDR1_CANAR_prepared_Milbemycin_pocket3_complex_recombined_complex_explicit_initial_frame.pdb,/media/zhenli/datadrive/valleyfevermutation/simulation_20ns_md/CDR1_CANAR/simulation_explicit/pocket3/replica_1/CDR1_CANAR_prepared_Milbemycin_pocket3_complex_recombined_complex_explicit_trajectory.dcd,passed,True,,101.0,3.3482391021937024,2.7675253100195154,0.6989198919891991,22,pocket_retained_perturbation,5.739586189907401,5.552465030620292,True,0,1,True,0.7272727272727273,1.3919785433871883,3.95006,5.254554177758465,231.43376231035737,231.42947736121613,0.6153692017791211,4.641289784686287,4.491372446318315,0.5991735537190084,5.44540022213003,5.269901549869959,0.5661157024793387,5.21369841127071,5.014461173039832,0.5743801652892562,5.14627277198742,4.949682385780492,0.6198347107438017,5.293732668085078,5.105004556574761,0.640495867768595,5.14627277198742,4.949682385780492,0.6198347107438017,0.6198347107438017,5.14627277198742,4.949682385780492,,,pocket_lost_instability,0.0,0.0,0.0,True,ok,999.0,0.0349120512899398,0.0072734835101597,6662.207393142179,6130.722717493928,500.0,150.0,,0.2000000005962811,100.00000029814058,500.0,0.2,500.0,100.00000029814058,70.0,100.0,True,complete_70_100ns,True,True,0.18712115928710915,True,0,0,0,True,True,complete nominal 70-100 ns coverage AND median corrected pose RMSD < 3 A,late_pose_retained_rmsd_v1,audited redundant; retained for provenance only,True,True,True,True,True,True,True,True,True,True,True,True,True,True,True,eligible,True,held_out_protein=CDR1_CANAR,48,14,0.15681947104546445,0,True
11,CDR1_CANAR_auris|Milbemycin|pocket10|replica_1,CDR1_CANAR_auris,Milbemycin,pocket10,replica_1,complete_discovered_separate_launch_cohort,True,True,True,/media/zhenli/datadrive/valleyfevermutation/simulation_20ns_md/CDR1_CANAR_auris/simulation_explicit/pocket10/replica_1/CDR1_CANAR_auris_prepared_Milbemycin_pocket10_complex_recombined_complex_explicit_initial_frame.pdb,/media/zhenli/datadrive/valleyfevermutation/simulation_20ns_md/CDR1_CANAR_auris/simulation_explicit/pocket10/replica_1/CDR1_CANAR_auris_prepared_Milbemycin_pocket10_complex_recombined_complex_explicit_trajectory.dcd,passed,True,,101.0,10.733000853381878,8.917023482004979,0.4752475247524752,6,pocket_lost_instability,26.641362081684072,26.141375417183013,True,0,1,True,0.2,1.901976118767136,10.32556,11.035602651526048,106.8492410624418,106.621818444455,0.3562205269387984,6.021614369127628,3.5638940009140074,0.2792207792207792,13.130575866633928,11.395121061803168,0.2207792207792207,10.994037706841963,8.586844530491744,0.2987012987012987,11.41308674961246,9.01939308603142,0.3246753246753247,17.337796895662407,15.539992861809862,,11.41308674961246,9.01939308603142,0.3246753246753247,0.3246753246753247,11.41308674961246,9.01939308603142,,,pocket_lost_instability,0.0,0.0,0.0,True,ok,999.0,-0.0035013804768679,-0.0171686523472222,5714.04681813846,6604.215019033974,500.0,150.0,,0.2000000005962811,100.00000029814058,500.0,0.2,500.0,100.00000029814058,70.0,100.0,True,complete_70_100ns,True,True,0.49998666450105844,True,0,0,0,True,True,complete nominal 70-100 ns coverage AND median corrected pose RMSD < 3 A,late_pose_retained_rmsd_v1,audited redundant; retained for provenance only,True,True,True,True,True,True,True,True,True,True,True,True,True,True,True,eligible,True,held_out_protein=CDR1_CANAR_auris,48,14,0.00115810261100131,0,True
12,CDR1_CANAR_auris|Milbemycin|pocket14|replica_1,CDR1_CANAR_auris,Milbemycin,pocket14,replica_1,complete_discovered_separate_launch_cohort,True,True,True,/media/zhenli/datadrive/valleyfevermutation/simulation_20ns_md/CDR1_CANAR_auris/simulation_explicit/pocket14/replica_1/CDR1_CANAR_auris_prepared_Milbemycin_pocket14_complex_recombined_complex_explicit_initial_frame.pdb,/media/zhenli/datadrive/valleyfevermutation/simulation_20ns_md/CDR1_CANAR_auris/simulation_explicit/pocket14/replica_1/CDR1_CANAR_auris_prepared_Milbemycin_pocket14_complex_recombined_complex_explicit_trajectory.dcd,passed,True,,101.0,3.668054425815098,2.028862540751485,0.595002357378595,21,pocket_lost_instability,4.337324157012136,2.173651221297632,True,0,0,True,1.0,0.481663180288547,3.0876322,5.430189069930935,120.35370871938515,119.88347235425786,1.0906186696629965,3.3942064807754417,2.404661991645707,0.5909090909090909,3.65896846475213,1.9919254397657264,0.5,4.764404436429532,1.461752451556899,0.4475524475524475,5.12373641967855,2.0754644463778176,0.4545454545454546,5.0609309680604335,1.6275229195173389,0.437062937062937,5.12373641967855,2.0754644463778176,0.4545454545454546,0.4545454545454546,5.12373641967855,2.0754644463778176,,,pocket_lost_instability,0.0,0.0,0.0,True,ok,999.0,0.0073285799890628,0.0093005605261405,4900.980290241939,9408.99501704232,500.0,150.0,,0.2000000005962811,100.00000029814058,500.0,0.2,500.0,100.00000029814058,70.0,100.0,True,complete_70_100ns,True,True,2.163672935714504,True,0,0,0,True,True,complete nominal 70-100 ns coverage AND median corrected pose RMSD < 3 A,late_pose_retained_rmsd_v1,audited redundant; retained for provenance only,True,True,True,True,True,True,True,True,True,True,True,True,True,True,True,eligible,True,held_out_protein=CDR1_CANAR_auris,48,14,0.22920867438123904,0,True
13,CDR1_CANAR_auris|Milbemycin|pocket2|replica_1,CDR1_CANAR_auris,Milbemycin,pocket2,replica_1,complete_discovered_separate_launch_cohort,True,True,True,/media/zhenli/datadrive/valleyfevermutation/simulation_20ns_md/CDR1_CANAR_auris/simulation_explicit/pocket2/replica_1/CDR1_CANAR_auris_prepared_Milbemycin_pocket2_complex_recombined_complex_explicit_initial_frame.pdb,/media/zhenli/datadrive/valleyfevermutation/simulation_20ns_md/CDR1_CANAR_auris/simulation_explicit/pocket2/replica_1/CDR1_CANAR_auris_prepared_Milbemycin_pocket2_complex_recombined_complex_explicit_trajectory.dcd,passed,True,,101.0,5.8133666395429815,5.020640353774321,0.5222772277227722,20,pocket_lost_instability,4.748695863144565,3.987446669598029,True,0,1,True,0.3846153846153846,1.1170708413849235,2.196453,2.4909993705417905,217.3204116913321,217.3163270828354,0.5453317877667615,2.3858383204321445,2.258043467957834,0.6818181818181819,2.633860280038163,2.389590333171473,0.6694214876033058,3.2315880498565765,2.8594392748298145,0.6363636363636364,2.831405143954906,2.512877807848699,0.5867768595041322,3.438740919776943,3.084981148575321,0.628099173553719,2.831405143954906,2.512877807848699,0.5867768595041322,0.5867768595041322,2.831405143954906,2.512877807848699,,,metric_discordant_uncertain,1.0,0.0,0.0,True,ok,999.0,-0.016550213439843,0.0019991017136906,5123.169041023941,12041.729454695873,500.0,150.0,,0.2000000005962811,100.00000029814058,500.0,0.2,500.0,100.00000029814058,70.0,100.0,True,complete_70_100ns,True,True,0.7612491935465364,True,0,0,0,True,True,complete nominal 70-100 ns coverage AND median corrected pose RMSD < 3 A,late_pose_retained_rmsd_v1,audited redundant; retained for provenance only,True,True,True,True,True,True,True,True,True,True,True,True,True,True,True,eligible,True,held_out_protein=CDR1_CANAR_auris,48,14,0.5636176375242158,1,True
14,CDR1_CANAR_auris|Milbemycin|pocket5|replica_1,CDR1_CANAR_auris,Milbemycin,pocket5,replica_1,complete_discovered_separate_launch_cohort,True,True,True,/media/zhenli/datadrive/valleyfevermutation/simulation_20ns_md/CDR1_CANAR_auris/simulation_explicit/pocket5/replica_1/CDR1_CANAR_auris_prepared_Milbemycin_pocket5_complex_recombined_complex_explicit_initial_frame.pdb,/media/zhenli/datadrive/valleyfevermutation/simulation_20ns_md/CDR1_CANAR_auris/simulation_explicit/pocket5/replica_1/CDR1_CANAR_auris_prepared_Milbemycin_pocket5_complex_recombined_complex_explicit_trajectory.dcd,passed,True,,101.0,5.692156888581162,4.816677513729927,0.6501650165016503,21,pocket_lost_instability,2.500783381921968,1.3974276085460189,True,1,1,True,0.7142857142857143,2.222871922953114,5.3249745,3.320155072789306,18.507239035002375,18.41777885941107,1.136397034665035,2.458340233013302,1.1571726854608622,0.793388429752066,3.2649887480024167,1.118245657797884,0.7396694214876033,3.486273081419635,2.9975710563244378,0.640495867768595,3.523240642605622,3.0355301120091323,0.6446280991735537,3.772770123557423,3.352774977792694,0.6652892561983471,3.523240642605622,3.0355301120091323,0.6446280991735537,0.6446280991735537,3.523240642605622,3.0355301120091323,,,pocket_lost_instability,0.0,0.0,0.0,True,ok,999.0,0.0292669658623809,0.0085274491558334,3993.1425697810014,3865.043340147364,500.0,150.0,,,,,0.2,500.0,100.0,70.0,100.0,True,complete_70_100ns,True,True,1.1033557733759491,True,1,1,1,True,True,complete nominal 70-100 ns coverage AND median corrected pose RMSD < 3 A,late_pose_retained_rmsd_v1,audited redundant; retained for provenance only,True,True,True,True,True,True,True,True,True,True,True,True,True,True,True,eligible,True,held_out_protein=CDR1_CANAR_auris,48,14,0.42326651264704535,0,True
15,CDR2_CANAL|Milbemycin|pocket1|replica_1,CDR2_CANAL,Milbemycin,pocket1,replica_1,complete_discovered_separate_launch_cohort,True,True,True,/media/zhenli/datadrive/valleyfevermutation/simulation_20ns_md/CDR2_CANAL/simulation_explicit/pocket1/replica_1/CDR2_CANAL_prepared_Milbemycin_pocket1_complex_recombined_complex_explicit_initial_frame.pdb,/media/zhenli/datadrive/valleyfevermutation/simulation_20ns_md/CDR2_CANAL/simulation_explicit/pocket1/replica_1/CDR2_CANAL_prepared_Milbemycin_pocket1_complex_recombined_complex_explicit_trajectory.dcd,passed,True,,101.0,18.80431592263984,17.908289776586965,0.0611111111111111,9,pocket_lost_instability,18.998412898534347,17.432837355477872,True,0,1,True,0.2222222222222222,1.9152169847834413,14.560327,13.573933394072204,69.40570864900972,68.83111884300246,0.7983559135101251,10.494901293595287,7.860531906022064,0.356060606060606,9.602765623188487,6.924715434739276,0.3257575757575757,12.932411303036696,10.947676986119026,0.1742424242424242,13.16411632457988,11.12184548468708,0.1212121212121212,17.151627146235175,16.108359297618247,0.0833333333333333,13.16411632457988,11.12184548468708,0.1212121212121212,0.1212121212121212,13.16411632457988,11.12184548468708,,,pocket_lost_instability,0.0,0.0,0.0,True,ok,999.0,0.0934558655140527,0.0420237326661197,2731.493987463198,3284.7144390321537,500.0,150.0,,0.2000000005962811,100.00000029814058,500.0,0.2,500.0,100.00000029814058,70.0,100.0,True,complete_70_100ns,True,True,1.5655755430564753,True,0,0,0,True,True,complete nominal 70-100 ns coverage AND median corrected pose RMSD < 3 A,late_pose_retained_rmsd_v1,audited redundant; retained for provenance only,True,True,True,True,True,True,True,True,True,True,True,True,True,True,True,eligible,True,held_out_protein=CDR2_CANAL,49,14,0.00026192241905108256,0,True
16,CDR2_CANAL|Milbemycin|pocket13|replica_1,CDR2_CANAL,Milbemycin,pocket13,replica_1,complete_discovered_separate_launch_cohort,True,True,True,/media/zhenli/datadrive/valleyfevermutation/simulation_20ns_md/CDR2_CANAL/simulation_explicit/pocket13/replica_1/CDR2_CANAL_prepared_Milbemycin_pocket13_complex_recombined_complex_explicit_initial_frame.pdb,/media/zhenli/datadrive/valleyfevermutation/simulation_20ns_md/CDR2_CANAL/simulation_explicit/pocket13/replica_1/CDR2_CANAL_prepared_Milbemycin_pocket13_complex_recombined_complex_explicit_trajectory.dcd,passed,True,,101.0,10.738292465398192,8.595645691039325,0.4026402640264027,9,pocket_lost_instability,10.0876184929999,9.336200691990127,True,0,1,True,0.5,1.3038166082580207,9.85565,10.41165775212814,240.36513570541936,240.32194527684825,1.9555262305691044,9.674301276495116,9.089892126997215,0.4132231404958677,14.081243274773652,13.412216745025647,0.28099173553719,15.069767480709691,14.434080501168124,0.2561983471074379,12.00553244728797,11.121057456075556,0.2975206611570247,10.939500712045218,9.903878589224346,0.3305785123966942,12.00553244728797,11.121057456075556,0.2975206611570247,0.2975206611570247,12.00553244728797,11.121057456075556,,,pocket_lost_instability,0.0,0.0,0.0,True,ok,999.0,0.0277668115697918,-0.0193113519690587,3371.1197104590674,5593.267784101794,500.0,150.0,,,,,0.2,500.0,100.0,70.0,100.0,True,complete_70_100ns,True,True,0.7514178010097723,True,0,0,0,True,True,complete nominal 70-100 ns coverage AND median corrected pose RMSD < 3 A,late_pose_retained_rmsd_v1,audited redundant; retained for provenance only,True,True,True,True,True,True,True,True,True,True,True,True,True,True,True,eligible,True,held_out_protein=CDR2_CANAL,49,14,0.0006279139230296338,0,True
17,CDR2_CANAL|Milbemycin|pocket14|replica_1,CDR2_CANAL,Milbemycin,pocket14,replica_1,complete_discovered_separate_launch_cohort,True,True,True,/media/zhenli/datadrive/valleyfevermutation/simulation_20ns_md/CDR2_CANAL/simulation_explicit/pocket14/replica_1/CDR2_CANAL_prepared_Milbemycin_pocket14_complex_recombined_complex_explicit_initial_frame.pdb,/media/zhenli/datadrive/valleyfevermutation/simulation_20ns_md/CDR2_CANAL/simulation_explicit/pocket14/replica_1/CDR2_CANAL_prepared_Milbemycin_pocket14_complex_recombined_complex_explicit_trajectory.dcd,passed,True,,101.0,4.357754895623171,3.913040870283033,0.9207920792079208,14,pocket_retained_perturbation,1.074879962365528,0.8188605434657893,True,1,0,True,0.8,0.8836003831471272,3.7630491,1.275232293745315,,,,1.0406395590694797,0.8265157074113386,0.8242424242424242,1.1348583906425544,0.9868802339188728,0.925925925925926,,,,,,,,,,,,,,,,"only 0 frames in terminal window (18.0, 20.0) ns (need >= 3)","error: no frames in (18.0, 20.0) ns window",,,,,True,insufficient overlap,,,,,,48.0,15.0,,0.2000000005962811,9.600000028621494,48.0,0.2,48.0,9.600000028621494,70.0,100.0,False,excluded_incomplete_before_100ns,True,False,0.2560194188997388,True,1,1,,,,complete nominal 70-100 ns coverage AND median corrected pose RMSD < 3 A,late_pose_retained_rmsd_v1,audited redundant; retained for provenance only,,,,False,False,False,False,False,False,False,False,False,False,False,False,missing:incomplete_70_100ns_coverage;same_traj_pose_rmsd_18_20;same_traj_centroid_displacement_18_20,False,,,,,,
18,CDR2_CANAL|Milbemycin|pocket4|replica_1,CDR2_CANAL,Milbemycin,pocket4,replica_1,complete_discovered_separate_launch_cohort,True,True,True,/media/zhenli/datadrive/valleyfevermutation/simulation_20ns_md/CDR2_CANAL/simulation_explicit/pocket4/replica_1/CDR2_CANAL_prepared_Milbemycin_pocket4_complex_recombined_complex_explicit_initial_frame.pdb,/media/zhenli/datadrive/valleyfevermutation/simulation_20ns_md/CDR2_CANAL/simulation_explicit/pocket4/replica_1/CDR2_CANAL_prepared_Milbemycin_pocket4_complex_recombined_complex_explicit_trajectory.dcd,passed,True,,101.0,6.108074250583704,5.460517226957931,0.2706270627062706,18,pocket_lost_instability,4.074788070956542,3.4071026427957447,True,0,1,True,0.4285714285714285,1.877494545329228,7.176712,3.523454051315632,218.72030562422916,218.70956839674287,1.4017043920553862,3.145495284108549,2.110597827856648,0.5928853754940712,3.349634984330524,2.530082266145654,0.466403162055336,3.295491509984195,2.434186328921609,0.4703557312252965,3.179157706787228,2.3177909818240376,0.4782608695652175,3.1400831172407067,2.20614880007024,0.4822134387351779,3.179157706787228,2.3177909818240376,0.4782608695652175,0.4782608695652175,3.179157706787228,2.3177909818240376,,,pocket_lost_instability,0.0,0.0,0.0,True,ok,999.0,0.0565565367484028,0.0020654865263753,2934.280481216408,2588.7145614084184,500.0,150.0,,0.2000000005962811,100.00000029814058,500.0,0.2,500.0,100.00000029814058,70.0,100.0,True,complete_70_100ns,True,True,0.6676854281607971,True,0,0,0,True,True,complete nominal 70-100 ns coverage AND median corrected pose RMSD < 3 A,late_pose_retained_rmsd_v1,audited redundant; retained for provenance only,True,True,True,True,True,True,True,True,True,True,True,True,True,True,True,eligible,True,held_out_protein=CDR2_CANAL,49,14,0.5229252744337458,1,False
19,CDR2_CANAL|Milbemycin|pocket8|replica_1,CDR2_CANAL,Milbemycin,pocket8,replica_1,complete_discovered_separate_launch_cohort,True,True,True,/media/zhenli/datadrive/valleyfevermutation/simulation_20ns_md/CDR2_CANAL/simulation_explicit/pocket8/replica_1/CDR2_CANAL_prepared_Milbemycin_pocket8_complex_recombined_complex_explicit_initial_frame.pdb,/media/zhenli/datadrive/valleyfevermutation/simulation_20ns_md/CDR2_CANAL/simulation_explicit/pocket8/replica_1/CDR2_CANAL_prepared_Milbemycin_pocket8_complex_recombined_complex_explicit_trajectory.dcd,passed,True,,101.0,7.82096031671085,2.997179789652177,0.6650165016501652,18,pocket_lost_instability,3.34704896579954,2.58812259761551,True,0,1,True,0.75,2.196997950624606,5.4500446,3.4991335829775494,165.64522892635478,165.6281160888248,0.7163018720046538,2.37941945642501,1.4755549560813828,0.7075098814229249,2.807249093555804,1.7353421071223265,0.6640316205533597,3.142165949970787,2.00738770916046,0.7035573122529644,3.040178201227599,1.879629209666913,0.6403162055335968,3.8120482908512527,2.545169585620175,0.7114624505928853,3.040178201227599,1.879629209666913,0.6403162055335968,0.6403162055335968,3.040178201227599,1.879629209666913,,,pocket_lost_instability,1.0,0.0,1.0,True,ok,739.0,0.0254217436793358,0.0585930200945439,3143.64791134108,5618.293712354562,474.0,143.0,,,,,0.2,474.0,94.80000000000001,70.0,100.0,False,excluded_incomplete_before_100ns,True,False,0.7589263681840301,True,0,0,,,,complete nominal 70-100 ns coverage AND median corrected pose RMSD < 3 A,late_pose_retained_rmsd_v1,audited redundant; retained for provenance only,True,True,True,False,False,False,False,False,False,False,False,False,False,False,False,missing:incomplete_70_100ns_coverage,True,,,,,,
20,CIMG_00533|Milbemycin|pocket1|replica_1,CIMG_00533,Milbemycin,pocket1,replica_1,complete_discovered_separate_launch_cohort,True,True,True,/media/zhenli/datadrive/valleyfevermutation/simulation_20ns_md/CIMG_00533/simulation_explicit/pocket1/replica_1/CIMG_00533_prepared_Milbemycin_pocket1_complex_recombined_complex_explicit_initial_frame.pdb,/media/zhenli/datadrive/valleyfevermutation/simulation_20ns_md/CIMG_00533/simulation_explicit/pocket1/replica_1/CIMG_00533_prepared_Milbemycin_pocket1_complex_recombined_complex_explicit_trajectory.dcd,passed,True,,101.0,7.203380108213141,6.524013849240894,0.4689468946894688,11,pocket_lost_instability,5.733995606216928,3.3852070401284564,True,0,1,True,0.625,1.1231878186924564,8.4917755,5.882449860140287,135.51370432872142,135.43388485562787,1.187178026371363,6.838337118419371,4.816390492753488,0.6844919786096257,6.483031830483557,4.603137264951539,0.6898395721925135,6.612972440155875,4.943041308019689,0.7219251336898397,6.254698085299723,4.181109334697829,0.625668449197861,6.176284899084479,4.599106457361004,0.6684491978609627,6.254698085299723,4.181109334697829,0.625668449197861,0.625668449197861,6.254698085299723,4.181109334697829,,,pocket_lost_instability,0.0,0.0,0.0,True,ok,999.0,0.0164589243737654,-0.0174543261300552,3442.0202599991544,5665.23288490102,500.0,150.0,,0.2000000005962811,100.00000029814058,500.0,0.2,500.0,100.00000029814058,70.0,100.0,True,complete_70_100ns,True,True,2.348788566088472,True,0,0,0,True,True,complete nominal 70-100 ns coverage AND median corrected pose RMSD < 3 A,late_pose_retained_rmsd_v1,audited redundant; retained for provenance only,True,True,True,True,True,True,True,True,True,True,True,True,True,True,True,eligible,True,held_out_protein=CIMG_00533,46,14,0.10623871677215181,0,True
21,CIMG_00533|Milbemycin|pocket12|replica_1,CIMG_00533,Milbemycin,pocket12,replica_1,complete_discovered_separate_launch_cohort,True,True,True,/media/zhenli/datadrive/valleyfevermutation/simulation_20ns_md/CIMG_00533/simulation_explicit/pocket12/replica_1/CIMG_00533_prepared_Milbemycin_pocket12_complex_recombined_complex_explicit_initial_frame.pdb,/media/zhenli/datadrive/valleyfevermutation/simulation_20ns_md/CIMG_00533/simulation_explicit/pocket12/replica_1/CIMG_00533_prepared_Milbemycin_pocket12_complex_recombined_complex_explicit_trajectory.dcd,passed,True,,101.0,3.780655334427066,3.2361015512476974,0.634059405940594,25,pocket_lost_instability,4.529932120401172,2.35144758962152,True,0,1,True,1.0,1.017637935357892,3.8744605,5.315958214335087,156.05391363662727,155.97304557007175,1.994816388401526,4.05722722911502,1.324955231991482,0.5731225296442687,5.785357487850543,2.0319453431182897,0.4743083003952569,5.040013162800722,0.9432739438264308,0.4822134387351779,5.232890266517902,1.3790953498753653,0.4782608695652174,5.103354544657744,2.740112636381564,0.4426877470355732,5.232890266517902,1.3790953498753653,0.4782608695652174,0.4782608695652174,5.232890266517902,1.3790953498753653,,,pocket_lost_instability,0.0,0.0,0.0,True,ok,999.0,0.052366157457879,0.0252929379763382,3433.743308499927,2933.8734123881536,500.0,150.0,,0.2000000005962811,100.00000029814058,500.0,0.2,500.0,100.00000029814058,70.0,100.0,True,complete_70_100ns,True,True,2.1784845307796523,True,0,0,0,True,True,complete nominal 70-100 ns coverage AND median corrected pose RMSD < 3 A,late_pose_retained_rmsd_v1,audited redundant; retained for provenance only,True,True,True,True,True,True,True,True,True,True,True,True,True,True,True,eligible,True,held_out_protein=CIMG_00533,46,14,0.2877060867217679,0,True
22,CIMG_00533|Milbemycin|pocket2|replica_1,CIMG_00533,Milbemycin,pocket2,replica_1,complete_discovered_separate_launch_cohort,True,True,True,/media/zhenli/datadrive/valleyfevermutation/simulation_20ns_md/CIMG_00533/simulation_explicit/pocket2/replica_1/CIMG_00533_prepared_Milbemycin_pocket2_complex_recombined_complex_explicit_initial_frame.pdb,/media/zhenli/datadrive/valleyfevermutation/simulation_20ns_md/CIMG_00533/simulation_explicit/pocket2/replica_1/CIMG_00533_prepared_Milbemycin_pocket2_complex_recombined_complex_explicit_trajectory.dcd,passed,True,,101.0,2.374118387115512,1.814114328480515,0.7877744296168746,23,retained_stable,3.3258302980776024,3.0213648142763,True,0,1,True,0.7272727272727273,1.007775050832684,2.4749393,2.4950297003614894,236.1185506451683,236.1148065877028,1.0530455186555925,2.2514317017490404,1.731269773805208,0.8468899521531099,1.6742786536256502,1.2105728973510796,0.8229665071770337,1.7142623223434403,1.1738614547715445,0.861244019138756,1.8875341701477275,1.343365891659609,0.8421052631578948,2.027426498364361,1.4958542308387548,0.7751196172248803,1.8875341701477275,1.343365891659609,0.8421052631578948,0.8421052631578948,1.8875341701477275,1.343365891659609,,,retained_stable,1.0,1.0,1.0,True,ok,999.0,0.0598285588630431,0.0197057106639083,3982.6172143769786,3876.0792600567815,,,,0.2000000005962811,100.00000029814058,500.0,0.2,500.0,100.00000029814058,70.0,100.0,True,complete_70_100ns,True,True,0.30446548380130256,True,0,0,0,True,True,complete nominal 70-100 ns coverage AND median corrected pose RMSD < 3 A,late_pose_retained_rmsd_v1,audited redundant; retained for provenance only,True,True,True,True,True,True,True,True,True,True,True,True,True,True,True,eligible,True,held_out_protein=CIMG_00533,46,14,0.7671814425742352,1,True
23,CIMG_00533|Milbemycin|pocket3|replica_1,CIMG_00533,Milbemycin,pocket3,replica_1,complete_discovered_separate_launch_cohort,True,True,True,/media/zhenli/datadrive/valleyfevermutation/simulation_20ns_md/CIMG_00533/simulation_explicit/pocket3/replica_1/CIMG_00533_prepared_Milbemycin_pocket3_complex_recombined_complex_explicit_initial_frame.pdb,/media/zhenli/datadrive/valleyfevermutation/simulation_20ns_md/CIMG_00533/simulation_explicit/pocket3/replica_1/CIMG_00533_prepared_Milbemycin_pocket3_complex_recombined_complex_explicit_trajectory.dcd,passed,True,,101.0,3.166200570415823,2.130539268993992,0.8202188639916623,19,pocket_retained_perturbation,5.994650574689132,4.682986648049795,True,0,0,True,1.0,0.7859552781273728,4.8296747,3.6593933760243194,32.43968749166168,32.28158648334508,0.5598147131189984,3.5078267975262203,1.5325130723603275,0.8288770053475936,3.658463101105239,1.9803148846430048,0.8395721925133689,3.718973918526544,1.7880044495092782,0.8235294117647057,3.9644494394168746,2.327286027630185,0.8128342245989305,4.111851990122909,2.611089593175792,0.7700534759358288,3.9644494394168746,2.327286027630185,0.8128342245989305,0.8128342245989305,3.9644494394168746,2.327286027630185,,,pocket_retained_perturbation,0.0,1.0,1.0,True,ok,999.0,0.0155928578287558,-0.0237246401463225,3391.0360060948533,2712.6494345747333,500.0,150.0,,0.2000000005962811,100.00000029814058,500.0,0.2,500.0,100.00000029814058,70.0,100.0,True,complete_70_100ns,True,True,1.311663926639337,True,0,0,0,True,True,complete nominal 70-100 ns coverage AND median corrected pose RMSD < 3 A,late_pose_retained_rmsd_v1,audited redundant; retained for provenance only,True,True,True,True,True,True,True,True,True,True,True,True,True,True,True,eligible,True,held_out_protein=CIMG_00533,46,14,0.4228106465549231,0,True
24,CIMG_00533|Milbemycin|pocket7|replica_1,CIMG_00533,Milbemycin,pocket7,replica_1,complete_discovered_separate_launch_cohort,True,True,True,/media/zhenli/datadrive/valleyfevermutation/simulation_20ns_md/CIMG_00533/simulation_explicit/pocket7/replica_1/CIMG_00533_prepared_Milbemycin_pocket7_complex_recombined_complex_explicit_initial_frame.pdb,/media/zhenli/datadrive/valleyfevermutation/simulation_20ns_md/CIMG_00533/simulation_explicit/pocket7/replica_1/CIMG_00533_prepared_Milbemycin_pocket7_complex_recombined_complex_explicit_trajectory.dcd,passed,True,,101.0,1.8358662800052723,1.4017447958710505,0.8657178217821783,16,retained_stable,5.2555154173964365,4.134813302243034,True,0,0,True,0.8888888888888888,0.945396221818982,2.0385053,1.6470577431442426,1.3480850905495354,0.997307967484076,0.7277980016220158,1.478890351933439,1.1427704004469492,0.8038277511961721,1.4602341588309609,1.115878581678158,0.7703349282296652,1.28651703333273,0.8930923748912217,0.8373205741626794,1.3480851002941774,0.9973080326200032,0.8277511961722488,2.2046042817162506,1.909276231394556,0.8373205741626795,1.3480851002941774,0.9973080326200032,0.8277511961722488,0.8277511961722488,1.3480851002941774,0.9973080326200032,,,retained_stable,1.0,1.0,1.0,True,ok,999.0,0.0539612291512751,0.0118020736076588,3007.740659448424,4719.377698360725,,,,0.2000000005962811,100.00000029814058,500.0,0.2,500.0,100.00000029814058,70.0,100.0,True,complete_70_100ns,True,True,1.120702115153403,True,0,0,0,True,True,complete nominal 70-100 ns coverage AND median corrected pose RMSD < 3 A,late_pose_retained_rmsd_v1,audited redundant; retained for provenance only,True,True,True,True,True,True,True,True,True,True,True,True,True,True,True,eligible,True,held_out_protein=CIMG_00533,46,14,0.8322843607427713,1,True
25,CIMG_00533|Milbemycin|pocket9|replica_1,CIMG_00533,Milbemycin,pocket9,replica_1,complete_discovered_separate_launch_cohort,True,True,True,/media/zhenli/datadrive/valleyfevermutation/simulation_20ns_md/CIMG_00533/simulation_explicit/pocket9/replica_1/CIMG_00533_prepared_Milbemycin_pocket9_complex_recombined_complex_explicit_initial_frame.pdb,/media/zhenli/datadrive/valleyfevermutation/simulation_20ns_md/CIMG_00533/simulation_explicit/pocket9/replica_1/CIMG_00533_prepared_Milbemycin_pocket9_complex_recombined_complex_explicit_trajectory.dcd,passed,True,,101.0,6.941779597775837,2.920410705776752,0.5528052805280527,24,pocket_lost_instability,3.216598243491301,1.3291727650253446,True,0,1,True,0.7272727272727273,1.0228847431710082,4.3953424,3.842751420627462,231.9876069435808,231.96256390901152,1.0612859906463674,2.761694639748739,1.5186146233035889,0.7479338842975206,3.313437649246875,1.7447338001202768,0.731404958677686,4.060219610422395,2.276496839921156,0.5991735537190083,3.88753783532332,1.8693967155514608,0.5991735537190082,3.99693851734991,1.8524669653920345,0.6322314049586777,3.88753783532332,1.8693967155514608,0.5991735537190082,0.5991735537190082,3.88753783532332,1.8693967155514608,,,pocket_lost_instability,0.0,0.0,0.0,True,ok,999.0,0.0239804558371313,-0.0192641197039829,3777.736848034824,4661.362816240929,500.0,150.0,,0.2000000005962811,100.00000029814058,500.0,0.2,500.0,100.00000029814058,70.0,100.0,True,complete_70_100ns,True,True,1.8874254784659565,True,0,0,0,True,True,complete nominal 70-100 ns coverage AND median corrected pose RMSD < 3 A,late_pose_retained_rmsd_v1,audited redundant; retained for provenance only,True,True,True,True,True,True,True,True,True,True,True,True,True,True,True,eligible,True,held_out_protein=CIMG_00533,46,14,0.458180798179081,0,True
26,CIMG_00780|Milbemycin|pocket1|replica_1,CIMG_00780,Milbemycin,pocket1,replica_1,complete_discovered_separate_launch_cohort,True,True,True,/media/zhenli/datadrive/valleyfevermutation/simulation_20ns_md/CIMG_00780/simulation_explicit/pocket1/replica_1/CIMG_00780_prepared_Milbemycin_pocket1_complex_recombined_complex_explicit_initial_frame.pdb,/media/zhenli/datadrive/valleyfevermutation/simulation_20ns_md/CIMG_00780/simulation_explicit/pocket1/replica_1/CIMG_00780_prepared_Milbemycin_pocket1_complex_recombined_complex_explicit_trajectory.dcd,passed,True,,101.0,2.689106986421314,1.1878001593937006,0.761188118811881,25,retained_stable,2.354950019778048,1.941565289296331,True,1,1,True,0.4444444444444444,1.0454245849385086,3.2367716,1.8448074317838332,163.40817440706536,163.40477205480423,0.4459810964848427,1.4421363913148,1.009891363400142,0.8257575757575758,1.5796442337811205,1.1264168621176196,0.7803030303030304,1.8487805507858184,1.5110855392885505,0.7651515151515151,1.852489163766868,1.5157822656983024,0.7272727272727273,2.083316980092816,1.6098057084991546,0.6704545454545454,1.852489163766868,1.5157822656983024,0.7272727272727273,0.7272727272727273,1.852489163766868,1.5157822656983024,,,retained_stable,1.0,1.0,1.0,True,ok,999.0,0.023507127913881,-0.0026338298119662,3750.337415249533,6082.480828754783,,,,0.2000000005962811,100.00000029814058,500.0,0.2,500.0,100.00000029814058,70.0,100.0,True,complete_70_100ns,True,True,0.4133847304817171,True,1,1,1,True,True,complete nominal 70-100 ns coverage AND median corrected pose RMSD < 3 A,late_pose_retained_rmsd_v1,audited redundant; retained for provenance only,True,True,True,True,True,True,True,True,True,True,True,True,True,True,True,eligible,True,held_out_protein=CIMG_00780,45,14,0.7389164835244694,1,True
27,CIMG_00780|Milbemycin|pocket2|replica_1,CIMG_00780,Milbemycin,pocket2,replica_1,complete_discovered_separate_launch_cohort,True,True,True,/media/zhenli/datadrive/valleyfevermutation/simulation_20ns_md/CIMG_00780/simulation_explicit/pocket2/replica_1/CIMG_00780_prepared_Milbemycin_pocket2_complex_recombined_complex_explicit_initial_frame.pdb,/media/zhenli/datadrive/valleyfevermutation/simulation_20ns_md/CIMG_00780/simulation_explicit/pocket2/replica_1/CIMG_00780_prepared_Milbemycin_pocket2_complex_recombined_complex_explicit_trajectory.dcd,passed,True,,101.0,1.6175025128832332,1.059868503145817,0.7766336633663368,25,retained_stable,1.745424430289376,0.5855714864099522,True,1,1,True,1.0,1.1729998228629852,3.1189177,1.6158687636527194,167.48125849165814,167.4748652578631,1.0268106884586428,1.516952107792356,0.7612956514552429,0.6783216783216784,1.5253751566151863,0.767046682558033,0.7342657342657343,1.661903748195108,1.0267148589793065,0.7237762237762237,1.82151767964624,1.0741345870822017,0.6713286713286714,2.0830857789435995,1.006729081387132,0.6853146853146853,1.82151767964624,1.0741345870822017,0.6713286713286714,0.6713286713286714,1.82151767964624,1.0741345870822017,,,metric_discordant_uncertain,1.0,1.0,1.0,True,ok,999.0,0.0164928946127892,0.0045551228963409,4038.402172173336,5023.248453808626,,,,0.2000000005962811,100.00000029814058,500.0,0.2,500.0,100.00000029814058,70.0,100.0,True,complete_70_100ns,True,True,1.1598529438794238,True,1,1,1,True,True,complete nominal 70-100 ns coverage AND median corrected pose RMSD < 3 A,late_pose_retained_rmsd_v1,audited redundant; retained for provenance only,True,True,True,True,True,True,True,True,True,True,True,True,True,True,True,eligible,True,held_out_protein=CIMG_00780,45,14,0.747641906665447,1,True
28,CIMG_00780|Milbemycin|pocket3|replica_1,CIMG_00780,Milbemycin,pocket3,replica_1,complete_discovered_separate_launch_cohort,True,True,True,/media/zhenli/datadrive/valleyfevermutation/simulation_20ns_md/CIMG_00780/simulation_explicit/pocket3/replica_1/CIMG_00780_prepared_Milbemycin_pocket3_complex_recombined_complex_explicit_initial_frame.pdb,/media/zhenli/datadrive/valleyfevermutation/simulation_20ns_md/CIMG_00780/simulation_explicit/pocket3/replica_1/CIMG_00780_prepared_Milbemycin_pocket3_complex_recombined_complex_explicit_trajectory.dcd,passed,True,,101.0,7.571910273399787,5.769311983181834,0.3941831683168317,32,pocket_lost_instability,2.756223732518889,2.0276590762901607,True,1,1,True,0.0,0.9884156366309524,7.14788,3.1689953922085192,170.43050877701404,170.42061078354234,1.6631538174544425,1.9257445661127848,1.2415134027168295,0.5923753665689149,1.7312966895648698,0.929329822417315,0.6070381231671554,1.6168083914629476,1.028398184498725,0.6480938416422289,2.3467654010736463,1.4585607708418216,0.5307917888563048,2.6141766655486878,1.6600351656358656,0.4428152492668621,2.3467654010736463,1.4585607708418216,0.5307917888563048,0.5307917888563048,2.3467654010736463,1.4585607708418216,,,metric_discordant_uncertain,1.0,0.0,1.0,True,ok,999.0,-0.0056471443254506,-0.0043772457200048,3507.616698690943,4899.343546833061,500.0,150.0,,0.2000000005962811,100.00000029814058,500.0,0.2,500.0,100.00000029814058,70.0,100.0,True,complete_70_100ns,True,True,0.7285646562287282,True,1,1,1,True,True,complete nominal 70-100 ns coverage AND median corrected pose RMSD < 3 A,late_pose_retained_rmsd_v1,audited redundant; retained for provenance only,True,True,True,True,True,True,True,True,True,True,True,True,True,True,True,eligible,True,held_out_protein=CIMG_00780,45,14,0.682867325980904,1,True
29,CIMG_00780|Milbemycin|pocket4|replica_1,CIMG_00780,Milbemycin,pocket4,replica_1,complete_discovered_separate_launch_cohort,True,True,True,/media/zhenli/datadrive/valleyfevermutation/simulation_20ns_md/CIMG_00780/simulation_explicit/pocket4/replica_1/CIMG_00780_prepared_Milbemycin_pocket4_complex_recombined_complex_explicit_initial_frame.pdb,/media/zhenli/datadrive/valleyfevermutation/simulation_20ns_md/CIMG_00780/simulation_explicit/pocket4/replica_1/CIMG_00780_prepared_Milbemycin_pocket4_complex_recombined_complex_explicit_trajectory.dcd,passed,True,,101.0,2.7295129318899685,2.074442080732382,0.6527037319116528,26,metric_discordant_uncertain,2.797933236779535,2.6845007299331485,True,1,0,True,0.9,0.6111749230338136,1.0109807,2.5470345181357423,231.99019204847525,231.98865758034256,0.5885482113235976,1.9824943233229384,1.86186045185668,0.7272727272727272,2.3066643772285285,2.1596126326405964,0.7552447552447551,2.319222909306747,2.1859088546873497,0.6853146853146854,2.7348857029595752,2.6007940975439063,0.7202797202797202,2.692042151418437,2.462312952817671,0.6573426573426573,2.7348857029595752,2.6007940975439063,0.7202797202797202,0.7202797202797202,2.7348857029595752,2.6007940975439063,,,retained_stable,1.0,1.0,1.0,True,ok,999.0,0.0085466132328587,-0.0238667263233043,3589.3190808184145,2740.5615975897704,,,,0.2000000005962811,100.00000029814058,500.0,0.2,500.0,100.00000029814058,70.0,100.0,True,complete_70_100ns,True,True,0.11343250684638662,True,1,1,1,True,True,complete nominal 70-100 ns coverage AND median corrected pose RMSD < 3 A,late_pose_retained_rmsd_v1,audited redundant; retained for provenance only,True,True,True,True,True,True,True,True,True,True,True,True,True,True,True,eligible,True,held_out_protein=CIMG_00780,45,14,0.6168180683675984,1,True
30,CIMG_00780|Milbemycin|pocket7|replica_1,CIMG_00780,Milbemycin,pocket7,replica_1,complete_discovered_separate_launch_cohort,True,True,True,/media/zhenli/datadrive/valleyfevermutation/simulation_20ns_md/CIMG_00780/simulation_explicit/pocket7/replica_1/CIMG_00780_prepared_Milbemycin_pocket7_complex_recombined_complex_explicit_initial_frame.pdb,/media/zhenli/datadrive/valleyfevermutation/simulation_20ns_md/CIMG_00780/simulation_explicit/pocket7/replica_1/CIMG_00780_prepared_Milbemycin_pocket7_complex_recombined_complex_explicit_trajectory.dcd,passed,True,,101.0,6.727491458590114,4.669478768087168,0.7356866121394748,23,pocket_retained_perturbation,2.740117382796719,2.020006035418318,True,1,1,True,0.8888888888888888,1.1758598939814502,1.8893182,2.359109521595144,178.2331384130849,178.22798873955514,1.3109706675795016,1.790200673318509,1.1289916741572232,0.8047138047138046,1.857234960532577,1.2086603412188448,0.7037037037037037,2.138027154844298,1.6738584928286608,0.7306397306397305,2.462343566883105,2.0504689044698363,0.7037037037037037,2.1733182422363204,1.6835454799386995,0.7171717171717172,2.462343566883105,2.0504689044698363,0.7037037037037037,0.7037037037037037,2.462343566883105,2.0504689044698363,,,retained_stable,1.0,1.0,1.0,True,ok,999.0,0.023035404339542,0.0073336936388255,3738.066055497838,3202.9340615661863,500.0,150.0,,0.2000000005962811,100.00000029814058,500.0,0.2,500.0,100.00000029814058,70.0,100.0,True,complete_70_100ns,True,True,0.7201113473784009,True,1,1,1,True,True,complete nominal 70-100 ns coverage AND median corrected pose RMSD < 3 A,late_pose_retained_rmsd_v1,audited redundant; retained for provenance only,True,True,True,True,True,True,True,True,True,True,True,True,True,True,True,eligible,True,held_out_protein=CIMG_00780,45,14,0.6601977408726906,1,True
31,CIMG_00780|Milbemycin|pocket8|replica_1,CIMG_00780,Milbemycin,pocket8,replica_1,complete_discovered_separate_launch_cohort,True,True,True,/media/zhenli/datadrive/valleyfevermutation/simulation_20ns_md/CIMG_00780/simulation_explicit/pocket8/replica_1/CIMG_00780_prepared_Milbemycin_pocket8_complex_recombined_complex_explicit_initial_frame.pdb,/media/zhenli/datadrive/valleyfevermutation/simulation_20ns_md/CIMG_00780/simulation_explicit/pocket8/replica_1/CIMG_00780_prepared_Milbemycin_pocket8_complex_recombined_complex_explicit_trajectory.dcd,passed,True,,101.0,4.228196596647989,2.4265819886479645,0.4583791712504584,27,pocket_lost_instability,3.658930069785667,2.8233638092262114,True,0,0,True,0.7142857142857143,0.7561589270115247,2.859324,3.2468143563281804,199.6855583386684,199.67573711846288,0.7302860925924535,1.878726167157122,1.318227930301699,0.7309090909090908,3.422335486537317,2.671096312397254,0.6945454545454545,3.5983211261061707,2.858095512228988,0.6799999999999998,3.2634114825499894,2.6094660383855026,0.6945454545454545,3.050135731354526,2.382537478722776,0.7018181818181817,3.2634114825499894,2.6094660383855026,0.6945454545454545,0.6945454545454545,3.2634114825499894,2.6094660383855026,,,pocket_retained_perturbation,0.0,1.0,1.0,True,ok,999.0,0.0091613723435918,-0.0230706371735995,4481.115972862031,5073.135810376649,500.0,150.0,,0.2000000005962811,100.00000029814058,500.0,0.2,500.0,100.00000029814058,70.0,100.0,True,complete_70_100ns,True,True,0.8355662605594554,True,0,0,0,True,True,complete nominal 70-100 ns coverage AND median corrected pose RMSD < 3 A,late_pose_retained_rmsd_v1,audited redundant; retained for provenance only,True,True,True,True,True,True,True,True,True,True,True,True,True,True,True,eligible,True,held_out_protein=CIMG_00780,45,14,0.5446979437196929,1,False
32,CIMG_00780|Milbemycin|pocket9|replica_1,CIMG_00780,Milbemycin,pocket9,replica_1,complete_discovered_separate_launch_cohort,True,True,True,/media/zhenli/datadrive/valleyfevermutation/simulation_20ns_md/CIMG_00780/simulation_explicit/pocket9/replica_1/CIMG_00780_prepared_Milbemycin_pocket9_complex_recombined_complex_explicit_initial_frame.pdb,/media/zhenli/datadrive/valleyfevermutation/simulation_20ns_md/CIMG_00780/simulation_explicit/pocket9/replica_1/CIMG_00780_prepared_Milbemycin_pocket9_complex_recombined_complex_explicit_trajectory.dcd,passed,True,,101.0,2.2620125218390097,1.0898041959407592,0.645964596459646,33,metric_discordant_uncertain,2.192490895566384,1.5755910028077205,True,1,1,True,1.0,1.4159632793806036,4.0554514,1.7355126053516616,34.72784174036527,34.694275468777306,1.2504274806855329,2.211093804934753,1.5184596754411286,0.7845117845117845,1.9091998516673772,1.1551508152539487,0.7878787878787878,1.92448134142491,1.14454602179146,0.7946127946127945,2.004979521025291,1.282335287732216,0.7912457912457913,1.7637579832351202,0.9033927660757312,0.8249158249158248,2.004979521025291,1.282335287732216,0.7912457912457913,0.7912457912457913,2.004979521025291,1.282335287732216,,,retained_stable,1.0,1.0,1.0,True,ok,999.0,0.0353474534964924,0.0056545528253981,3599.375479394193,5205.467527696139,,,,0.2000000005962811,100.00000029814058,500.0,0.2,500.0,100.00000029814058,70.0,100.0,True,complete_70_100ns,True,True,0.6168998927586635,True,1,1,1,True,True,complete nominal 70-100 ns coverage AND median corrected pose RMSD < 3 A,late_pose_retained_rmsd_v1,audited redundant; retained for provenance only,True,True,True,True,True,True,True,True,True,True,True,True,True,True,True,eligible,True,held_out_protein=CIMG_00780,45,14,0.7250937256431823,1,True
33,CIMG_01418|Milbemycin|pocket15|replica_1,CIMG_01418,Milbemycin,pocket15,replica_1,complete_discovered_separate_launch_cohort,True,True,True,/media/zhenli/datadrive/valleyfevermutation/simulation_20ns_md/CIMG_01418/simulation_explicit/pocket15/replica_1/CIMG_01418_prepared_Milbemycin_pocket15_complex_recombined_complex_explicit_initial_frame.pdb,/media/zhenli/datadrive/valleyfevermutation/simulation_20ns_md/CIMG_01418/simulation_explicit/pocket15/replica_1/CIMG_01418_prepared_Milbemycin_pocket15_complex_recombined_complex_explicit_trajectory.dcd,passed,True,,101.0,4.814017688409783,3.119179538979421,0.5773840541948932,19,pocket_lost_instability,4.501538783255471,3.962447316390621,True,0,1,True,0.8333333333333334,1.819056129728196,2.7272213,5.849276636070457,189.0792305778349,189.07419397484549,0.8009065662731547,3.5494038399274697,2.606899012119855,0.670995670995671,5.2959517941392775,5.031912215863519,0.4155844155844155,5.951913836492292,5.621126267375088,0.3722943722943723,5.620454315207889,5.45140781480683,0.3982683982683982,3.762704979755306,3.4358595437667976,0.4329004329004329,5.620454315207889,5.45140781480683,0.3982683982683982,0.3982683982683982,5.620454315207889,5.45140781480683,,,pocket_lost_instability,0.0,0.0,0.0,True,ok,999.0,0.0175071863220782,-0.0242737075664308,4201.934208054381,8819.557210041843,500.0,150.0,,0.2000000005962811,100.00000029814058,500.0,0.2,500.0,100.00000029814058,70.0,100.0,True,complete_70_100ns,True,True,0.5390914668648503,True,0,0,0,True,True,complete nominal 70-100 ns coverage AND median corrected pose RMSD < 3 A,late_pose_retained_rmsd_v1,audited redundant; retained for provenance only,True,True,True,True,True,True,True,True,True,True,True,True,True,True,True,eligible,True,held_out_protein=CIMG_01418,50,14,0.1320955432915093,0,True
34,CIMG_01418|Milbemycin|pocket3|replica_1,CIMG_01418,Milbemycin,pocket3,replica_1,complete_discovered_separate_launch_cohort,True,True,True,/media/zhenli/datadrive/valleyfevermutation/simulation_20ns_md/CIMG_01418/simulation_explicit/pocket3/replica_1/CIMG_01418_prepared_Milbemycin_pocket3_complex_recombined_complex_explicit_initial_frame.pdb,/media/zhenli/datadrive/valleyfevermutation/simulation_20ns_md/CIMG_01418/simulation_explicit/pocket3/replica_1/CIMG_01418_prepared_Milbemycin_pocket3_complex_recombined_complex_explicit_trajectory.dcd,passed,True,,101.0,6.869205684945031,3.161163219506652,0.7362093352192361,14,pocket_retained_perturbation,9.89571044268063,6.490954462446503,True,0,1,True,0.6666666666666666,2.0749780452993667,2.8831718,12.19974679639479,234.66840236753532,234.5768094148052,1.3475950805055092,11.082346398323814,9.024270833974754,0.4034090909090909,10.996116947104785,8.891458251793752,0.4318181818181818,11.798621455680388,9.69367646869375,0.3920454545454545,11.58614393572157,9.595442265676812,0.4318181818181818,11.255749223557252,8.480992767441528,0.4318181818181818,11.58614393572157,9.595442265676812,0.4318181818181818,0.4318181818181818,11.58614393572157,9.595442265676812,,,pocket_lost_instability,0.0,0.0,0.0,True,ok,999.0,-0.0157358417076352,-0.0740716473379859,6194.2198619821775,5464.653920123926,500.0,150.0,,0.2000000005962811,100.00000029814058,500.0,0.2,500.0,100.00000029814058,70.0,100.0,True,complete_70_100ns,True,True,3.4047559802341265,True,0,0,0,True,True,complete nominal 70-100 ns coverage AND median corrected pose RMSD < 3 A,late_pose_retained_rmsd_v1,audited redundant; retained for provenance only,True,True,True,True,True,True,True,True,True,True,True,True,True,True,True,eligible,True,held_out_protein=CIMG_01418,50,14,0.001714128016294224,0,True
35,CIMG_09093|Milbemycin|pocket1|replica_1,CIMG_09093,Milbemycin,pocket1,replica_1,complete_discovered_separate_launch_cohort,True,True,True,/media/zhenli/datadrive/valleyfevermutation/simulation_20ns_md/CIMG_09093/simulation_explicit/pocket1/replica_1/CIMG_09093_prepared_Milbemycin_pocket1_complex_recombined_complex_explicit_initial_frame.pdb,/media/zhenli/datadrive/valleyfevermutation/simulation_20ns_md/CIMG_09093/simulation_explicit/pocket1/replica_1/CIMG_09093_prepared_Milbemycin_pocket1_complex_recombined_complex_explicit_trajectory.dcd,passed,True,,101.0,3.329422983821595,2.341233592926529,0.6287128712871288,18,pocket_lost_instability,6.189469320844412,5.044870313881262,True,0,1,True,0.8,1.6322819051317272,2.3818624,3.77160410542543,282.0557445173144,282.03662603066664,0.7023381459118817,3.5028374176745087,1.1670847712513,0.5303030303030304,4.926618218183179,3.284910103164067,0.6161616161616161,5.4264303600964805,2.9594629147080003,0.5252525252525252,3.7510384086001456,1.8578358451862815,0.5303030303030304,6.229521952139465,3.292244605185405,0.5606060606060606,3.7510384086001456,1.8578358451862815,0.5303030303030304,0.5303030303030304,3.7510384086001456,1.8578358451862815,,,pocket_lost_instability,0.0,0.0,0.0,True,ok,999.0,0.0063870651946767,-0.0138936907547826,4538.010435798745,6701.673630650478,500.0,150.0,,0.2000000005962811,100.00000029814058,500.0,0.2,500.0,100.00000029814058,70.0,100.0,True,complete_70_100ns,True,True,1.1445990069631504,True,0,0,0,True,True,complete nominal 70-100 ns coverage AND median corrected pose RMSD < 3 A,late_pose_retained_rmsd_v1,audited redundant; retained for provenance only,True,True,True,True,True,True,True,True,True,True,True,True,True,True,True,eligible,True,held_out_protein=CIMG_09093,49,14,0.4758740057623458,0,True
36,CIMG_09093|Milbemycin|pocket12|replica_1,CIMG_09093,Milbemycin,pocket12,replica_1,complete_discovered_separate_launch_cohort,True,True,True,/media/zhenli/datadrive/valleyfevermutation/simulation_20ns_md/CIMG_09093/simulation_explicit/pocket12/replica_1/CIMG_09093_prepared_Milbemycin_pocket12_complex_recombined_complex_explicit_initial_frame.pdb,/media/zhenli/datadrive/valleyfevermutation/simulation_20ns_md/CIMG_09093/simulation_explicit/pocket12/replica_1/CIMG_09093_prepared_Milbemycin_pocket12_complex_recombined_complex_explicit_trajectory.dcd,passed,True,,101.0,2.822923588184815,2.331803063728894,0.8963308095515435,17,retained_stable,4.0313186146686135,1.2259558889009976,True,0,0,True,1.0,0.8548727781227285,1.0495899,4.438640163290852,278.33741218658514,278.3128411588813,0.3939846290749301,4.150887934352874,2.976480917494041,0.6767676767676768,4.2792277072164895,2.0559254401203373,0.6717171717171717,4.185784963274931,1.5060403780795042,0.7222222222222222,3.948576110272795,1.3777416377160252,0.5909090909090909,4.148014364771258,1.717997488906427,0.6868686868686869,3.948576110272795,1.3777416377160252,0.5909090909090909,0.5909090909090909,3.948576110272795,1.3777416377160252,,,pocket_lost_instability,0.0,0.0,0.0,True,ok,999.0,-0.0055258365471034,-0.0715590596616389,5482.8477755043805,9352.520569263705,,,,0.2000000005962811,100.00000029814058,500.0,0.2,500.0,100.00000029814058,70.0,100.0,True,complete_70_100ns,True,True,2.805362725767616,True,0,0,0,True,True,complete nominal 70-100 ns coverage AND median corrected pose RMSD < 3 A,late_pose_retained_rmsd_v1,audited redundant; retained for provenance only,True,True,True,True,True,True,True,True,True,True,True,True,True,True,True,eligible,True,held_out_protein=CIMG_09093,49,14,0.46824910334319947,0,True
37,CIMG_09093|Milbemycin|pocket13|replica_1,CIMG_09093,Milbemycin,pocket13,replica_1,complete_discovered_separate_launch_cohort,False,False,False,/media/zhenli/datadrive/valleyfevermutation/simulation_20ns_md/CIMG_09093/simulation_explicit/pocket13/replica_1/CIMG_09093_prepared_Milbemycin_pocket13_complex_recombined_complex_explicit_initial_frame.pdb,/media/zhenli/datadrive/valleyfevermutation/simulation_20ns_md/CIMG_09093/simulation_explicit/pocket13/replica_1/CIMG_09093_prepared_Milbemycin_pocket13_complex_recombined_complex_explicit_trajectory.dcd,,False,"insufficient terminal frames (R_pocket): only 0 frames in terminal window (18.0, 20.0) ns (need >= 3)",,,,,0,,,,,,,,,,,,,,,,,,,,,,,,,,,,,,,,,,,,,,,,,,,,,,,,,,,,0.2000000005962811,100.00000029814058,500.0,0.2,500.0,100.00000029814058,70.0,100.0,True,complete_70_100ns,False,False,,,,,,,,complete nominal 70-100 ns coverage AND median corrected pose RMSD < 3 A,late_pose_retained_rmsd_v1,audited redundant; retained for provenance only,,,,False,False,False,False,False,False,False,False,False,False,False,False,missing:late_metrics;same_traj_pose_rmsd_18_20;same_traj_centroid_displacement_18_20,False,,,,,,
38,CIMG_09093|Milbemycin|pocket3|replica_1,CIMG_09093,Milbemycin,pocket3,replica_1,complete_discovered_separate_launch_cohort,True,True,True,/media/zhenli/datadrive/valleyfevermutation/simulation_20ns_md/CIMG_09093/simulation_explicit/pocket3/replica_1/CIMG_09093_prepared_Milbemycin_pocket3_complex_recombined_complex_explicit_initial_frame.pdb,/media/zhenli/datadrive/valleyfevermutation/simulation_20ns_md/CIMG_09093/simulation_explicit/pocket3/replica_1/CIMG_09093_prepared_Milbemycin_pocket3_complex_recombined_complex_explicit_trajectory.dcd,passed,True,,101.0,2.9528241784286333,1.9609525016156155,0.7326732673267328,25,retained_stable,3.4228681494920856,2.624892820533003,True,0,0,True,1.0,0.7647401124236343,2.8659048,3.4081264223395538,41.626674990797376,41.54531327241052,0.3827815743044673,2.774722593847676,1.7931415065252432,0.731404958677686,3.331179770901802,1.9692794965862723,0.7148760330578513,3.2173324373801,1.7288501847233724,0.7396694214876032,3.1395466820001734,1.7729556743206345,0.7024793388429752,2.868499385608534,1.8211025585090204,0.731404958677686,3.1395466820001734,1.7729556743206345,0.7024793388429752,0.7024793388429752,3.1395466820001734,1.7729556743206345,,,pocket_retained_perturbation,1.0,1.0,1.0,True,ok,999.0,0.0285551945256936,0.0315328653631653,4360.309358993195,6446.684738418433,,,,0.2000000005962811,100.00000029814058,500.0,0.2,500.0,100.00000029814058,70.0,100.0,True,complete_70_100ns,True,True,0.7979753289590827,True,0,0,0,True,True,complete nominal 70-100 ns coverage AND median corrected pose RMSD < 3 A,late_pose_retained_rmsd_v1,audited redundant; retained for provenance only,True,True,True,True,True,True,True,True,True,True,True,True,True,True,True,eligible,True,held_out_protein=CIMG_09093,49,14,0.571050033696112,1,True
39,CIMG_09093|Milbemycin|pocket8|replica_1,CIMG_09093,Milbemycin,pocket8,replica_1,complete_discovered_separate_launch_cohort,True,False,False,/media/zhenli/datadrive/valleyfevermutation/simulation_20ns_md/CIMG_09093/simulation_explicit/pocket8/replica_1/CIMG_09093_prepared_Milbemycin_pocket8_complex_recombined_complex_explicit_initial_frame.pdb,/media/zhenli/datadrive/valleyfevermutation/simulation_20ns_md/CIMG_09093/simulation_explicit/pocket8/replica_1/CIMG_09093_prepared_Milbemycin_pocket8_complex_recombined_complex_explicit_trajectory.dcd,passed,True,,101.0,2.063590160349485,1.3043834149209006,0.6676711149375806,23,metric_discordant_uncertain,,,False,,1,True,0.5833333333333334,1.0538979103918933,2.2040558,,,,,,,,,,,,,,,,,,,,,,,,,,,,,,,,True,missing energy log,,,,,,,,,,,,0.2,,,70.0,100.0,False,excluded_incomplete_before_100ns,False,False,,,,,,,,complete nominal 70-100 ns coverage AND median corrected pose RMSD < 3 A,late_pose_retained_rmsd_v1,audited redundant; retained for provenance only,,,,False,False,False,False,False,False,False,False,False,False,False,False,missing:late_metrics;incomplete_70_100ns_coverage;same_traj_pose_rmsd_18_20;same_traj_centroid_displacement_18_20,False,,,,,,
40,MDR1_CRYNH|Milbemycin|pocket1|replica_1,MDR1_CRYNH,Milbemycin,pocket1,replica_1,complete_discovered_separate_launch_cohort,True,False,False,/media/zhenli/datadrive/valleyfevermutation/simulation_20ns_md/MDR1_CRYNH/simulation_explicit/pocket1/replica_1/MDR1_CRYNH_prepared_Milbemycin_pocket1_complex_recombined_complex_explicit_initial_frame.pdb,/media/zhenli/datadrive/valleyfevermutation/simulation_20ns_md/MDR1_CRYNH/simulation_explicit/pocket1/replica_1/MDR1_CRYNH_prepared_Milbemycin_pocket1_complex_recombined_complex_explicit_trajectory.dcd,passed,True,,101.0,3.379917688504736,2.6959361741642085,0.6626591230551627,28,pocket_lost_instability,,,False,,1,True,0.7692307692307693,1.8332743676601928,3.8944755,,,,,,,,,,,,,,,,,,,,,,,,,,,,,,,,True,missing energy log,,,,,,0.0,0.0,missing 100ns topology or trajectory,,,,0.2,0.0,0.0,70.0,100.0,False,excluded_incomplete_before_100ns,False,False,,,,,,,,complete nominal 70-100 ns coverage AND median corrected pose RMSD < 3 A,late_pose_retained_rmsd_v1,audited redundant; retained for provenance only,,,,False,False,False,False,False,False,False,False,False,False,False,False,missing:late_metrics;incomplete_70_100ns_coverage;same_traj_pose_rmsd_18_20;same_traj_centroid_displacement_18_20,False,,,,,,
41,MDR1_CRYNH|Milbemycin|pocket12|replica_1,MDR1_CRYNH,Milbemycin,pocket12,replica_1,complete_discovered_separate_launch_cohort,True,True,True,/media/zhenli/datadrive/valleyfevermutation/simulation_20ns_md/MDR1_CRYNH/simulation_explicit/pocket12/replica_1/MDR1_CRYNH_prepared_Milbemycin_pocket12_complex_recombined_complex_explicit_initial_frame.pdb,/media/zhenli/datadrive/valleyfevermutation/simulation_20ns_md/MDR1_CRYNH/simulation_explicit/pocket12/replica_1/MDR1_CRYNH_prepared_Milbemycin_pocket12_complex_recombined_complex_explicit_trajectory.dcd,passed,True,,101.0,5.406591935797003,3.9664634214678234,0.5381188118811882,20,pocket_lost_instability,3.3334946562163865,1.656911458015944,True,0,1,True,0.4285714285714285,1.4518452632458478,2.875967,2.918157630908284,161.8161502317557,161.79598174643533,0.4573458761181062,1.8158758972173887,1.498946789532143,0.6303030303030304,4.301741009626557,3.15374380651191,0.6545454545454544,3.4451152925925403,1.8927550572181324,0.5636363636363636,3.0243874475539454,1.5636387341153373,0.6909090909090908,,,,3.0243874475539454,1.5636387341153373,0.6909090909090908,0.6909090909090908,3.0243874475539454,1.5636387341153373,,,pocket_retained_perturbation,1.0,1.0,1.0,True,insufficient overlap,,,,,,116.0,35.0,,0.2000000005962811,23.200000069168613,116.0,0.2,116.0,23.200000069168613,70.0,100.0,False,excluded_incomplete_before_100ns,True,False,1.6765831982004424,True,0,0,,,,complete nominal 70-100 ns coverage AND median corrected pose RMSD < 3 A,late_pose_retained_rmsd_v1,audited redundant; retained for provenance only,True,True,True,False,False,False,False,False,False,False,False,False,False,False,False,missing:incomplete_70_100ns_coverage,True,,,,,,
42,MDR1_CRYNH|Milbemycin|pocket13|replica_1,MDR1_CRYNH,Milbemycin,pocket13,replica_1,complete_discovered_separate_launch_cohort,True,True,True,/media/zhenli/datadrive/valleyfevermutation/simulation_20ns_md/MDR1_CRYNH/simulation_explicit/pocket13/replica_1/MDR1_CRYNH_prepared_Milbemycin_pocket13_complex_recombined_complex_explicit_initial_frame.pdb,/media/zhenli/datadrive/valleyfevermutation/simulation_20ns_md/MDR1_CRYNH/simulation_explicit/pocket13/replica_1/MDR1_CRYNH_prepared_Milbemycin_pocket13_complex_recombined_complex_explicit_trajectory.dcd,passed,True,,101.0,2.3140821162234317,1.8189480499886224,0.5093069306930693,25,metric_discordant_uncertain,3.200995421135471,2.2779616581465163,True,0,0,True,0.6363636363636364,0.8578826248937254,2.865856,2.7688471337984644,183.6725827939513,183.65442814190425,0.8501333371187925,2.5126648814757244,2.053336877488096,0.7373737373737373,3.150689133171096,2.706532594909778,0.7306397306397305,3.1564066801036805,2.2769200329851387,0.6700336700336701,3.107540161865927,2.2557246207845743,0.6632996632996633,3.388868314590288,2.6578404279450223,0.6464646464646465,3.107540161865927,2.2557246207845743,0.6632996632996633,0.6632996632996633,3.107540161865927,2.2557246207845743,,,pocket_lost_instability,1.0,1.0,1.0,True,ok,999.0,0.0327324717845762,0.0327158213798511,3427.0685161496963,4105.335035812476,,,,0.2000000005962811,100.00000029814058,500.0,0.2,500.0,100.00000029814058,70.0,100.0,True,complete_70_100ns,True,True,0.9230337629889549,True,0,0,0,True,True,complete nominal 70-100 ns coverage AND median corrected pose RMSD < 3 A,late_pose_retained_rmsd_v1,audited redundant; retained for provenance only,True,True,True,True,True,True,True,True,True,True,True,True,True,True,True,eligible,True,held_out_protein=MDR1_CRYNH,51,14,0.5504995075597551,1,True
43,MDR1_TRIRC|Milbemycin|pocket11|replica_1,MDR1_TRIRC,Milbemycin,pocket11,replica_1,complete_discovered_separate_launch_cohort,True,True,True,/media/zhenli/datadrive/valleyfevermutation/simulation_20ns_md/MDR1_TRIRC/simulation_explicit/pocket11/replica_1/MDR1_TRIRC_prepared_Milbemycin_pocket11_complex_recombined_complex_explicit_initial_frame.pdb,/media/zhenli/datadrive/valleyfevermutation/simulation_20ns_md/MDR1_TRIRC/simulation_explicit/pocket11/replica_1/MDR1_TRIRC_prepared_Milbemycin_pocket11_complex_recombined_complex_explicit_trajectory.dcd,passed,True,,101.0,5.7581650505867685,4.442161443206472,0.5990099009900991,12,pocket_lost_instability,16.61883883690837,14.856914060593324,True,0,1,True,0.2222222222222222,1.5253012954084462,4.065847,11.120589423679164,142.8932362991194,142.82821101282823,1.878930574948182,2.3719853729705767,0.9985556574086616,0.6818181818181819,3.532398164357748,2.533741773353876,0.5714285714285713,2.9740042578583465,2.2375980293638027,0.5714285714285714,10.911258606322864,10.046791182413894,0.1558441558441558,15.468744455474983,14.43234815942145,0.1298701298701298,10.911258606322864,10.046791182413894,0.1558441558441558,0.1558441558441558,10.911258606322864,10.046791182413894,,,pocket_lost_instability,0.0,0.0,0.0,True,ok,999.0,0.0088060536757041,-0.0095706022487268,3734.75852271707,6395.6914082001,500.0,150.0,,0.2000000005962811,100.00000029814058,500.0,0.2,500.0,100.00000029814058,70.0,100.0,True,complete_70_100ns,True,True,1.7619247763150465,True,0,0,0,True,True,complete nominal 70-100 ns coverage AND median corrected pose RMSD < 3 A,late_pose_retained_rmsd_v1,audited redundant; retained for provenance only,True,True,True,True,True,True,True,True,True,True,True,True,True,True,True,eligible,True,held_out_protein=MDR1_TRIRC,48,14,0.0035269100803405197,0,True
44,MDR1_TRIRC|Milbemycin|pocket15|replica_1,MDR1_TRIRC,Milbemycin,pocket15,replica_1,complete_discovered_separate_launch_cohort,False,False,False,/media/zhenli/datadrive/valleyfevermutation/simulation_20ns_md/MDR1_TRIRC/simulation_explicit/pocket15/replica_1/MDR1_TRIRC_prepared_Milbemycin_pocket15_complex_recombined_complex_explicit_initial_frame.pdb,/media/zhenli/datadrive/valleyfevermutation/simulation_20ns_md/MDR1_TRIRC/simulation_explicit/pocket15/replica_1/MDR1_TRIRC_prepared_Milbemycin_pocket15_complex_recombined_complex_explicit_trajectory.dcd,,False,"insufficient terminal frames (R_pocket): only 0 frames in terminal window (18.0, 20.0) ns (need >= 3)",,,,,0,,,,,,,,,,,,,,,,,,,,,,,,,,,,,,,,,,,,,,,,,,,,,,,,,,,,0.2000000005962811,100.00000029814058,500.0,0.2,500.0,100.00000029814058,70.0,100.0,True,complete_70_100ns,False,False,,,,,,,,complete nominal 70-100 ns coverage AND median corrected pose RMSD < 3 A,late_pose_retained_rmsd_v1,audited redundant; retained for provenance only,,,,False,False,False,False,False,False,False,False,False,False,False,False,missing:late_metrics;same_traj_pose_rmsd_18_20;same_traj_centroid_displacement_18_20,False,,,,,,
45,MDR1_TRIRC|Milbemycin|pocket3|replica_1,MDR1_TRIRC,Milbemycin,pocket3,replica_1,complete_discovered_separate_launch_cohort,True,True,True,/media/zhenli/datadrive/valleyfevermutation/simulation_20ns_md/MDR1_TRIRC/simulation_explicit/pocket3/replica_1/MDR1_TRIRC_prepared_Milbemycin_pocket3_complex_recombined_complex_explicit_initial_frame.pdb,/media/zhenli/datadrive/valleyfevermutation/simulation_20ns_md/MDR1_TRIRC/simulation_explicit/pocket3/replica_1/MDR1_TRIRC_prepared_Milbemycin_pocket3_complex_recombined_complex_explicit_trajectory.dcd,passed,True,,101.0,6.712942383865666,5.677430653104907,0.7538896746817534,14,pocket_retained_perturbation,3.507196269069186,3.1533273419627834,True,0,0,True,1.0,0.7664960733487713,5.342848,3.4334232093351185,3.1723568762434904,2.592011490243607,0.9833384390596124,5.213447162807214,3.67800421873128,0.7757575757575758,3.281967600133484,2.6965895505485857,0.7212121212121212,3.8596225710459593,2.788291848102077,0.7999999999999999,3.172357441725916,2.592011517912713,0.6787878787878788,3.6090716107640968,3.1664623335301454,0.7212121212121212,3.172357441725916,2.592011517912713,0.6787878787878788,0.6787878787878788,3.172357441725916,2.592011517912713,,,pocket_lost_instability,0.0,1.0,1.0,True,ok,999.0,-0.0018439720151983,-0.0173936403026609,4148.706106164143,8430.209176708935,500.0,150.0,,0.2000000005962811,100.00000029814058,500.0,0.2,500.0,100.00000029814058,70.0,100.0,True,complete_70_100ns,True,True,0.3538689271064026,True,0,0,0,True,True,complete nominal 70-100 ns coverage AND median corrected pose RMSD < 3 A,late_pose_retained_rmsd_v1,audited redundant; retained for provenance only,True,True,True,True,True,True,True,True,True,True,True,True,True,True,True,eligible,True,held_out_protein=MDR1_TRIRC,48,14,0.5268828122311644,1,False
46,MDR1_TRIRC|Milbemycin|pocket4|replica_1,MDR1_TRIRC,Milbemycin,pocket4,replica_1,complete_discovered_separate_launch_cohort,True,True,True,/media/zhenli/datadrive/valleyfevermutation/simulation_20ns_md/MDR1_TRIRC/simulation_explicit/pocket4/replica_1/MDR1_TRIRC_prepared_Milbemycin_pocket4_complex_recombined_complex_explicit_initial_frame.pdb,/media/zhenli/datadrive/valleyfevermutation/simulation_20ns_md/MDR1_TRIRC/simulation_explicit/pocket4/replica_1/MDR1_TRIRC_prepared_Milbemycin_pocket4_complex_recombined_complex_explicit_trajectory.dcd,passed,True,,101.0,3.0805256328173654,1.6009396865433465,0.6998199819981998,22,pocket_retained_perturbation,2.663221358311114,2.087459903973065,True,1,1,True,0.7777777777777778,1.3305839209124208,3.657427,2.286637055053179,200.3770307629602,200.3698062108015,1.3146060231619126,1.166363846726307,0.8180041776392457,0.8363636363636363,1.920830619339348,1.1507656436889304,0.7636363636363637,2.0127036850067888,1.0839202278622162,0.740909090909091,2.142733954623982,1.2867395672605113,0.740909090909091,2.046173091282428,1.1782711980473417,0.7909090909090909,2.142733954623982,1.2867395672605113,0.740909090909091,0.740909090909091,2.142733954623982,1.2867395672605113,,,retained_stable,1.0,1.0,1.0,True,ok,19.0,-0.1123881468463174,0.1479560140055303,4195.593673796148,5332.831456933582,402.0,121.0,,0.2000000005962811,80.40000023970502,402.0,0.2,402.0,80.40000023970502,70.0,100.0,False,excluded_incomplete_before_100ns,True,False,0.5757614543380494,True,1,1,,,,complete nominal 70-100 ns coverage AND median corrected pose RMSD < 3 A,late_pose_retained_rmsd_v1,audited redundant; retained for provenance only,True,True,True,False,False,False,False,False,False,False,False,False,False,False,False,missing:incomplete_70_100ns_coverage,True,,,,,,
47,MDR1_TRIRC|Milbemycin|pocket7|replica_1,MDR1_TRIRC,Milbemycin,pocket7,replica_1,complete_discovered_separate_launch_cohort,True,True,True,/media/zhenli/datadrive/valleyfevermutation/simulation_20ns_md/MDR1_TRIRC/simulation_explicit/pocket7/replica_1/MDR1_TRIRC_prepared_Milbemycin_pocket7_complex_recombined_complex_explicit_initial_frame.pdb,/media/zhenli/datadrive/valleyfevermutation/simulation_20ns_md/MDR1_TRIRC/simulation_explicit/pocket7/replica_1/MDR1_TRIRC_prepared_Milbemycin_pocket7_complex_recombined_complex_explicit_trajectory.dcd,passed,True,,101.0,3.261171898206798,1.9378722922706475,0.7013201320132014,18,pocket_retained_perturbation,5.583368624562542,2.485228466422246,True,0,1,True,0.4444444444444444,1.7631375322223837,4.438712,3.578109216968297,164.8511331982593,164.83302265479907,1.3517183508487138,3.3994910677949446,2.6971500608389056,0.6650717703349281,3.406662923291906,2.9040128029657506,0.5980861244019139,3.787715547999272,2.250944159985766,0.6220095693779905,3.6897890507857287,2.760884446080217,0.7177033492822965,3.7022088593529943,1.931814526136851,0.6985645933014354,3.6897890507857287,2.760884446080217,0.7177033492822965,0.7177033492822965,3.6897890507857287,2.760884446080217,,,pocket_retained_perturbation,0.0,1.0,0.0,True,ok,999.0,0.0534337488263799,0.0174729383257996,3173.7664442623336,2775.933809706515,500.0,150.0,,0.2000000005962811,100.00000029814058,500.0,0.2,500.0,100.00000029814058,70.0,100.0,True,complete_70_100ns,True,True,3.0981401581402963,True,0,0,0,True,True,complete nominal 70-100 ns coverage AND median corrected pose RMSD < 3 A,late_pose_retained_rmsd_v1,audited redundant; retained for provenance only,True,True,True,True,True,True,True,True,True,True,True,True,True,True,True,eligible,True,held_out_protein=MDR1_TRIRC,48,14,0.4396361588583425,0,True
48,MDR1_TRIRC|Milbemycin|pocket8|replica_1,MDR1_TRIRC,Milbemycin,pocket8,replica_1,complete_discovered_separate_launch_cohort,True,True,True,/media/zhenli/datadrive/valleyfevermutation/simulation_20ns_md/MDR1_TRIRC/simulation_explicit/pocket8/replica_1/MDR1_TRIRC_prepared_Milbemycin_pocket8_complex_recombined_complex_explicit_initial_frame.pdb,/media/zhenli/datadrive/valleyfevermutation/simulation_20ns_md/MDR1_TRIRC/simulation_explicit/pocket8/replica_1/MDR1_TRIRC_prepared_Milbemycin_pocket8_complex_recombined_complex_explicit_trajectory.dcd,passed,True,,101.0,3.697020741255032,3.10705915659682,0.7821782178217822,22,pocket_retained_perturbation,5.005711772650166,3.930191104739426,True,0,1,True,1.0,1.3768380115629,3.2419982,4.244785804892282,165.49403090005612,165.4096052457705,1.710255432477743,1.9163067061387808,1.5030657298883665,0.7121212121212122,3.907549358529468,2.311566896316693,0.5833333333333334,4.954894400987572,2.954236522437343,0.4886363636363635,4.433181279944254,2.6301798068324493,0.5189393939393938,4.362185131047755,2.005269566339104,0.4621212121212121,4.433181279944254,2.6301798068324493,0.5189393939393938,0.5189393939393938,4.433181279944254,2.6301798068324493,,,pocket_lost_instability,0.0,0.0,0.0,True,ok,999.0,0.0126122426555919,-0.0179942621747635,3877.756969654033,4812.842253410804,500.0,150.0,,0.2000000005962811,100.00000029814058,500.0,0.2,500.0,100.00000029814058,70.0,100.0,True,complete_70_100ns,True,True,1.07552066791074,True,0,0,0,True,True,complete nominal 70-100 ns coverage AND median corrected pose RMSD < 3 A,late_pose_retained_rmsd_v1,audited redundant; retained for provenance only,True,True,True,True,True,True,True,True,True,True,True,True,True,True,True,eligible,True,held_out_protein=MDR1_TRIRC,48,14,0.3302506920085081,0,True
49,MDR2_TRIRC|Milbemycin|pocket10|replica_1,MDR2_TRIRC,Milbemycin,pocket10,replica_1,complete_discovered_separate_launch_cohort,True,True,True,/media/zhenli/datadrive/valleyfevermutation/simulation_20ns_md/MDR2_TRIRC/simulation_explicit/pocket10/replica_1/MDR2_TRIRC_prepared_Milbemycin_pocket10_complex_recombined_complex_explicit_initial_frame.pdb,/media/zhenli/datadrive/valleyfevermutation/simulation_20ns_md/MDR2_TRIRC/simulation_explicit/pocket10/replica_1/MDR2_TRIRC_prepared_Milbemycin_pocket10_complex_recombined_complex_explicit_trajectory.dcd,passed,True,,101.0,5.511031052618776,5.121780155335278,0.4933993399339934,12,pocket_lost_instability,10.252645239218506,8.111276179846367,True,0,1,True,0.4444444444444444,1.2159496688650104,2.52627,7.886250956046497,135.90867460231658,135.67700905189596,1.271471885406453,2.88774198959192,1.3830851907289774,0.6969696969696969,8.192513316445137,5.993774132467461,0.7575757575757577,8.087929857293448,5.686363247313856,0.5303030303030302,7.609931356366726,5.192552650049259,0.6666666666666667,8.38863085350596,6.282524545653081,0.7045454545454546,7.609931356366726,5.192552650049259,0.6666666666666667,0.6666666666666667,7.609931356366726,5.192552650049259,,,pocket_lost_instability,0.0,1.0,0.0,True,ok,999.0,0.060251976895848,0.0545574863668077,3069.799843346769,3885.627768293952,500.0,150.0,,0.2000000005962811,100.00000029814058,500.0,0.2,500.0,100.00000029814058,70.0,100.0,True,complete_70_100ns,True,True,2.1413690593721384,True,0,0,0,True,True,complete nominal 70-100 ns coverage AND median corrected pose RMSD < 3 A,late_pose_retained_rmsd_v1,audited redundant; retained for provenance only,True,True,True,True,True,True,True,True,True,True,True,True,True,True,True,eligible,True,held_out_protein=MDR2_TRIRC,47,14,0.05121249836801859,0,True
50,MDR2_TRIRC|Milbemycin|pocket14|replica_1,MDR2_TRIRC,Milbemycin,pocket14,replica_1,complete_discovered_separate_launch_cohort,True,True,True,/media/zhenli/datadrive/valleyfevermutation/simulation_20ns_md/MDR2_TRIRC/simulation_explicit/pocket14/replica_1/MDR2_TRIRC_prepared_Milbemycin_pocket14_complex_recombined_complex_explicit_initial_frame.pdb,/media/zhenli/datadrive/valleyfevermutation/simulation_20ns_md/MDR2_TRIRC/simulation_explicit/pocket14/replica_1/MDR2_TRIRC_prepared_Milbemycin_pocket14_complex_recombined_complex_explicit_trajectory.dcd,passed,True,,101.0,6.640964124345574,3.6161160611921375,0.3564356435643565,12,pocket_lost_instability,9.206684659904331,7.54431993162195,True,0,1,True,0.5,1.9561616852433383,5.2258635,7.138461466942162,139.9206787492655,139.76327478516163,1.577940338094624,5.002582543195939,3.793404137562743,0.7355371900826447,4.947250247086027,2.6864198891708857,0.6198347107438017,5.627778578033248,2.953573825236315,0.5702479338842974,8.150501080497676,4.623837920334991,0.5454545454545453,4.705447339626992,2.4369739296562645,0.5289256198347106,8.150501080497676,4.623837920334991,0.5454545454545453,0.5454545454545453,8.150501080497676,4.623837920334991,,,pocket_lost_instability,0.0,0.0,0.0,True,ok,999.0,-0.0067053183405317,-0.0132086267706676,3749.309178293452,4419.451350500209,500.0,150.0,,0.2000000005962811,100.00000029814058,500.0,0.2,500.0,100.00000029814058,70.0,100.0,True,complete_70_100ns,True,True,1.6623647282823812,True,0,0,0,True,True,complete nominal 70-100 ns coverage AND median corrected pose RMSD < 3 A,late_pose_retained_rmsd_v1,audited redundant; retained for provenance only,True,True,True,True,True,True,True,True,True,True,True,True,True,True,True,eligible,True,held_out_protein=MDR2_TRIRC,47,14,0.04034050569485846,0,True
51,MDR2_TRIRC|Milbemycin|pocket15|replica_1,MDR2_TRIRC,Milbemycin,pocket15,replica_1,complete_discovered_separate_launch_cohort,True,True,True,/media/zhenli/datadrive/valleyfevermutation/simulation_20ns_md/MDR2_TRIRC/simulation_explicit/pocket15/replica_1/MDR2_TRIRC_prepared_Milbemycin_pocket15_complex_recombined_complex_explicit_initial_frame.pdb,/media/zhenli/datadrive/valleyfevermutation/simulation_20ns_md/MDR2_TRIRC/simulation_explicit/pocket15/replica_1/MDR2_TRIRC_prepared_Milbemycin_pocket15_complex_recombined_complex_explicit_trajectory.dcd,passed,True,,101.0,4.797637486211209,3.1176174620617982,0.7209720972097208,11,pocket_retained_perturbation,5.006269299484407,4.699864609729952,True,0,1,True,1.0,1.2988448456876276,3.5203328,6.62179954572757,44.49511477089668,44.463797218412566,1.0470725250348003,4.678762627723042,4.184934523542361,0.6083916083916084,6.547841795226703,5.08387585280216,0.6153846153846154,4.782337910348192,4.505302098691515,0.6713286713286714,6.016523787380851,5.785570103555025,0.6083916083916084,6.679675415412296,6.472202878767538,0.6783216783216783,6.016523787380851,5.785570103555025,0.6083916083916084,0.6083916083916084,6.016523787380851,5.785570103555025,,,pocket_lost_instability,0.0,0.0,0.0,True,ok,999.0,-0.0081720422118988,0.0245364368868634,3212.778804505288,3355.6399863091333,500.0,150.0,,0.2000000005962811,100.00000029814058,500.0,0.2,500.0,100.00000029814058,70.0,100.0,True,complete_70_100ns,True,True,0.306404689754455,True,0,0,0,True,True,complete nominal 70-100 ns coverage AND median corrected pose RMSD < 3 A,late_pose_retained_rmsd_v1,audited redundant; retained for provenance only,True,True,True,True,True,True,True,True,True,True,True,True,True,True,True,eligible,True,held_out_protein=MDR2_TRIRC,47,14,0.11462497215780701,0,True
52,MDR2_TRIRC|Milbemycin|pocket3|replica_1,MDR2_TRIRC,Milbemycin,pocket3,replica_1,complete_discovered_separate_launch_cohort,True,True,True,/media/zhenli/datadrive/valleyfevermutation/simulation_20ns_md/MDR2_TRIRC/simulation_explicit/pocket3/replica_1/MDR2_TRIRC_prepared_Milbemycin_pocket3_complex_recombined_complex_explicit_initial_frame.pdb,/media/zhenli/datadrive/valleyfevermutation/simulation_20ns_md/MDR2_TRIRC/simulation_explicit/pocket3/replica_1/MDR2_TRIRC_prepared_Milbemycin_pocket3_complex_recombined_complex_explicit_trajectory.dcd,passed,True,,89.0,4.286936164676339,2.6704224524466493,0.552434456928839,18,pocket_lost_instability,4.042733880927013,2.106081507088505,True,0,0,True,0.6428571428571429,0.3372608323819935,6.1020656,3.4986771891072777,223.16333029263504,223.14167298380428,0.6420063120045925,4.594043673663492,3.1828971828786123,0.748663101604278,3.692794270941928,1.6398831430849905,0.7540106951871657,3.985595841193323,2.014306241059254,0.7647058823529412,3.4840362124695257,1.5452098940211036,0.7914438502673796,3.5415927863182146,1.7586769385721046,0.7914438502673797,3.4840362124695257,1.5452098940211036,0.7914438502673796,0.7914438502673796,3.4840362124695257,1.5452098940211036,,,pocket_retained_perturbation,0.0,1.0,1.0,True,ok,999.0,-0.0844174955049493,-0.0252925688071889,6184.383540176781,5247.44632007058,500.0,150.0,,0.2000000005962811,100.00000029814058,500.0,0.2,500.0,100.00000029814058,70.0,100.0,True,complete_70_100ns,True,True,1.9366523738385082,True,0,0,0,True,True,complete nominal 70-100 ns coverage AND median corrected pose RMSD < 3 A,late_pose_retained_rmsd_v1,audited redundant; retained for provenance only,True,True,True,True,True,True,True,True,True,True,True,True,True,True,True,eligible,True,held_out_protein=MDR2_TRIRC,47,14,0.5014377966775032,1,False
53,MDR2_TRIRC|Milbemycin|pocket9|replica_1,MDR2_TRIRC,Milbemycin,pocket9,replica_1,complete_discovered_separate_launch_cohort,True,True,True,/media/zhenli/datadrive/valleyfevermutation/simulation_20ns_md/MDR2_TRIRC/simulation_explicit/pocket9/replica_1/MDR2_TRIRC_prepared_Milbemycin_pocket9_complex_recombined_complex_explicit_initial_frame.pdb,/media/zhenli/datadrive/valleyfevermutation/simulation_20ns_md/MDR2_TRIRC/simulation_explicit/pocket9/replica_1/MDR2_TRIRC_prepared_Milbemycin_pocket9_complex_recombined_complex_explicit_trajectory.dcd,passed,True,,101.0,4.998909600492141,3.1489018020844752,0.5981362842166569,17,pocket_lost_instability,4.623659654441539,3.1386019213383385,True,0,1,True,0.5,1.6931329368044112,2.2715209,4.037360756856087,4.3244963299821,2.554787759068638,1.0029208005080006,3.176077596523346,1.5554949283011623,0.5454545454545454,3.368004244759278,1.4208061336415323,0.5263157894736842,3.90813896108863,2.025522807055555,0.5502392344497608,4.324496179065093,2.554787742433391,0.5454545454545455,3.7874773323207775,1.890835464702459,0.6028708133971292,4.324496179065093,2.554787742433391,0.5454545454545455,0.5454545454545455,4.324496179065093,2.554787742433391,,,pocket_lost_instability,0.0,0.0,0.0,True,ok,999.0,0.064980475650598,0.0482262161088752,7406.540100847708,3514.664739560228,500.0,150.0,,0.2000000005962811,100.00000029814058,500.0,0.2,500.0,100.00000029814058,70.0,100.0,True,complete_70_100ns,True,True,1.4850577331032007,True,0,0,0,True,True,complete nominal 70-100 ns coverage AND median corrected pose RMSD < 3 A,late_pose_retained_rmsd_v1,audited redundant; retained for provenance only,True,True,True,True,True,True,True,True,True,True,True,True,True,True,True,eligible,True,held_out_protein=MDR2_TRIRC,47,14,0.3488714606959489,0,True
54,PDH1_CANGA|Milbemycin|pocket12|replica_1,PDH1_CANGA,Milbemycin,pocket12,replica_1,complete_discovered_separate_launch_cohort,True,True,True,/media/zhenli/datadrive/valleyfevermutation/simulation_20ns_md/PDH1_CANGA/simulation_explicit/pocket12/replica_1/PDH1_CANGA_prepared_Milbemycin_pocket12_complex_recombined_complex_explicit_initial_frame.pdb,/media/zhenli/datadrive/valleyfevermutation/simulation_20ns_md/PDH1_CANGA/simulation_explicit/pocket12/replica_1/PDH1_CANGA_prepared_Milbemycin_pocket12_complex_recombined_complex_explicit_trajectory.dcd,passed,True,,101.0,4.15930185623624,2.89971421886618,0.6274294096076275,27,pocket_lost_instability,5.088711131406109,1.948931666820504,True,0,1,True,1.0,1.0342224624478624,2.75301,2.5532889115619017,127.98647824550568,127.7486073903074,0.6135926858249726,2.4872374733232,1.7950455316273832,0.8484848484848484,2.7184367962090423,1.906700303691715,0.7613636363636364,2.5322312062847327,1.7006967874100574,0.7386363636363636,2.684734047688632,1.815796186581307,0.7727272727272727,2.014929587917751,1.30753712569067,0.6856060606060607,2.684734047688632,1.815796186581307,0.7727272727272727,0.7727272727272727,2.684734047688632,1.815796186581307,,,retained_stable,1.0,1.0,1.0,True,ok,999.0,0.0271106505292817,-0.0425243477228893,4321.907687808143,8214.818028032982,500.0,150.0,,0.2000000005962811,100.00000029814058,500.0,0.2,500.0,100.00000029814058,70.0,100.0,True,complete_70_100ns,True,True,3.1397794645856054,True,0,0,0,True,True,complete nominal 70-100 ns coverage AND median corrected pose RMSD < 3 A,late_pose_retained_rmsd_v1,audited redundant; retained for provenance only,True,True,True,True,True,True,True,True,True,True,True,True,True,True,True,eligible,True,held_out_protein=PDH1_CANGA,49,14,0.6331057221681934,1,True
55,PDH1_CANGA|Milbemycin|pocket13|replica_1,PDH1_CANGA,Milbemycin,pocket13,replica_1,complete_discovered_separate_launch_cohort,True,True,True,/media/zhenli/datadrive/valleyfevermutation/simulation_20ns_md/PDH1_CANGA/simulation_explicit/pocket13/replica_1/PDH1_CANGA_prepared_Milbemycin_pocket13_complex_recombined_complex_explicit_initial_frame.pdb,/media/zhenli/datadrive/valleyfevermutation/simulation_20ns_md/PDH1_CANGA/simulation_explicit/pocket13/replica_1/PDH1_CANGA_prepared_Milbemycin_pocket13_complex_recombined_complex_explicit_trajectory.dcd,passed,True,,101.0,4.285294630588501,3.6486132118933927,0.6706844597503229,23,pocket_lost_instability,2.8354099713704866,2.396582014623337,True,1,0,True,1.0,0.3745289315876915,3.2406073,2.4693833492004345,64.52447697161556,64.17760534603532,0.5479724817815176,0.9834432326018148,0.7294443780772759,0.9242424242424242,1.1779866982984697,0.8216895853068007,0.8333333333333333,1.9156562098504368,1.456797738630606,0.787878787878788,2.005727388881376,1.4207568222909188,0.7474747474747474,2.5422795974958943,2.074877646292341,0.696969696969697,2.005727388881376,1.4207568222909188,0.7474747474747474,0.7474747474747474,2.005727388881376,1.4207568222909188,,,retained_stable,1.0,1.0,1.0,True,insufficient overlap,,,,,,166.0,50.0,,0.2000000005962811,33.20000009898267,166.0,0.2,166.0,33.20000009898267,70.0,100.0,False,excluded_incomplete_before_100ns,True,False,0.43882795674714936,True,1,1,,,,complete nominal 70-100 ns coverage AND median corrected pose RMSD < 3 A,late_pose_retained_rmsd_v1,audited redundant; retained for provenance only,True,True,True,False,False,False,False,False,False,False,False,False,False,False,False,missing:incomplete_70_100ns_coverage,True,,,,,,
56,PDH1_CANGA|Milbemycin|pocket2|replica_1,PDH1_CANGA,Milbemycin,pocket2,replica_1,complete_discovered_separate_launch_cohort,True,True,True,/media/zhenli/datadrive/valleyfevermutation/simulation_20ns_md/PDH1_CANGA/simulation_explicit/pocket2/replica_1/PDH1_CANGA_prepared_Milbemycin_pocket2_complex_recombined_complex_explicit_initial_frame.pdb,/media/zhenli/datadrive/valleyfevermutation/simulation_20ns_md/PDH1_CANGA/simulation_explicit/pocket2/replica_1/PDH1_CANGA_prepared_Milbemycin_pocket2_complex_recombined_complex_explicit_trajectory.dcd,passed,True,,101.0,6.133987874638008,4.966026913485672,0.3974540311173974,28,pocket_lost_instability,2.262315279108044,1.9499184540945744,True,1,1,True,0.3,2.092399262972726,4.747712,1.9185532865928512,185.3742117643197,185.3707875436766,0.419765941434561,2.074984139854305,1.5489873991100196,0.6700336700336701,2.449779021702313,1.983470909227024,0.6936026936026937,2.399125033834606,2.0427093126068483,0.68013468013468,2.2485570361570706,1.9375255552833768,0.7306397306397305,3.0653230013016146,2.8657610254281867,0.7171717171717172,2.2485570361570706,1.9375255552833768,0.7306397306397305,0.7306397306397305,2.2485570361570706,1.9375255552833768,,,retained_stable,1.0,1.0,1.0,True,ok,999.0,0.0689803790480346,0.0098180053968945,3395.7308581146067,4825.664861153934,500.0,150.0,,0.2000000005962811,100.00000029814058,500.0,0.2,500.0,100.00000029814058,70.0,100.0,True,complete_70_100ns,True,True,0.31239682501346944,True,1,1,1,True,True,complete nominal 70-100 ns coverage AND median corrected pose RMSD < 3 A,late_pose_retained_rmsd_v1,audited redundant; retained for provenance only,True,True,True,True,True,True,True,True,True,True,True,True,True,True,True,eligible,True,held_out_protein=PDH1_CANGA,49,14,0.690858926323863,1,True
57,PDH1_CANGA|Milbemycin|pocket3|replica_1,PDH1_CANGA,Milbemycin,pocket3,replica_1,complete_discovered_separate_launch_cohort,True,True,True,/media/zhenli/datadrive/valleyfevermutation/simulation_20ns_md/PDH1_CANGA/simulation_explicit/pocket3/replica_1/PDH1_CANGA_prepared_Milbemycin_pocket3_complex_recombined_complex_explicit_initial_frame.pdb,/media/zhenli/datadrive/valleyfevermutation/simulation_20ns_md/PDH1_CANGA/simulation_explicit/pocket3/replica_1/PDH1_CANGA_prepared_Milbemycin_pocket3_complex_recombined_complex_explicit_trajectory.dcd,passed,True,,101.0,2.306328713707667,1.429708843853056,0.7751060820367749,21,retained_stable,4.1071741911717226,2.242407713988261,True,0,0,True,1.0,0.6005762422098746,3.9498892,3.975368357342549,158.7803600097085,158.75506079253847,1.3462330492686403,1.3004105861021196,0.656904910444108,0.7430830039525692,3.826781339471883,2.6507246511089986,0.6956521739130435,3.763226680650548,2.3593759060686925,0.7351778656126481,3.898964115900833,2.662768670047148,0.6679841897233202,3.497319554164393,1.8000566660236683,0.7312252964426876,3.898964115900833,2.662768670047148,0.6679841897233202,0.6679841897233202,3.898964115900833,2.662768670047148,,,pocket_lost_instability,0.0,1.0,0.0,True,ok,999.0,0.0331132397514536,0.0177990726902538,4318.382298685721,5625.168526215636,,,,0.2000000005962811,100.00000029814058,500.0,0.2,500.0,100.00000029814058,70.0,100.0,True,complete_70_100ns,True,True,1.8647664771834616,True,0,0,0,True,True,complete nominal 70-100 ns coverage AND median corrected pose RMSD < 3 A,late_pose_retained_rmsd_v1,audited redundant; retained for provenance only,True,True,True,True,True,True,True,True,True,True,True,True,True,True,True,eligible,True,held_out_protein=PDH1_CANGA,49,14,0.4177117885301021,0,True
58,PDR5_YEAST|Milbemycin|pocket14|replica_1,PDR5_YEAST,Milbemycin,pocket14,replica_1,complete_discovered_separate_launch_cohort,True,True,True,/media/zhenli/datadrive/valleyfevermutation/simulation_20ns_md/PDR5_YEAST/simulation_explicit/pocket14/replica_1/PDR5_YEAST_prepared_Milbemycin_pocket14_complex_recombined_complex_explicit_initial_frame.pdb,/media/zhenli/datadrive/valleyfevermutation/simulation_20ns_md/PDR5_YEAST/simulation_explicit/pocket14/replica_1/PDR5_YEAST_prepared_Milbemycin_pocket14_complex_recombined_complex_explicit_trajectory.dcd,passed,True,,101.0,2.4920388345736093,0.826960842768101,0.7054455445544554,24,retained_stable,1.884124720328264,1.7100389803368157,True,1,1,True,1.0,1.2080473864520325,1.442508,1.4990139700520166,1.8043810932728603,1.66426075650922,0.3048789191603103,1.619967655528775,1.4278846794568638,0.7454545454545454,1.9349411236302243,1.742130175329191,0.7136363636363637,1.883247902213537,1.6879299295203196,0.7227272727272728,1.804381007177464,1.664262043136808,0.7863636363636364,1.9352595215614017,1.6634068880106048,0.7772727272727273,1.804381007177464,1.664262043136808,0.7863636363636364,0.7863636363636364,1.804381007177464,1.664262043136808,,,retained_stable,1.0,1.0,1.0,True,insufficient overlap,,,,,,,,,0.2000000005962811,32.80000009779011,164.0,0.2,164.0,32.80000009779011,70.0,100.0,False,excluded_incomplete_before_100ns,True,False,0.17408573999144838,True,1,1,,,,complete nominal 70-100 ns coverage AND median corrected pose RMSD < 3 A,late_pose_retained_rmsd_v1,audited redundant; retained for provenance only,True,True,True,False,False,False,False,False,False,False,False,False,False,False,False,missing:incomplete_70_100ns_coverage,True,,,,,,
59,PDR5_YEAST|Milbemycin|pocket15|replica_1,PDR5_YEAST,Milbemycin,pocket15,replica_1,complete_discovered_separate_launch_cohort,True,True,True,/media/zhenli/datadrive/valleyfevermutation/simulation_20ns_md/PDR5_YEAST/simulation_explicit/pocket15/replica_1/PDR5_YEAST_prepared_Milbemycin_pocket15_complex_recombined_complex_explicit_initial_frame.pdb,/media/zhenli/datadrive/valleyfevermutation/simulation_20ns_md/PDR5_YEAST/simulation_explicit/pocket15/replica_1/PDR5_YEAST_prepared_Milbemycin_pocket15_complex_recombined_complex_explicit_trajectory.dcd,passed,True,,101.0,3.07311550449502,2.081629187641396,0.6889924286546301,17,pocket_retained_perturbation,2.683320852704954,2.3288248059212777,True,1,1,True,1.0,1.4888628783714248,3.3460257,2.803673422990256,79.5440856971965,79.53237224282056,0.6673064136655062,1.6193112316293743,1.215234889681872,0.6737967914438503,1.8259817727848024,1.4758205149832049,0.5614973262032085,1.724796226591016,1.3957115562184552,0.5721925133689839,1.9797538889423056,1.634574550585114,0.5668449197860963,1.6574083826899568,1.2311093481610262,0.5721925133689839,1.9797538889423056,1.634574550585114,0.5668449197860963,0.5668449197860963,1.9797538889423056,1.634574550585114,,,metric_discordant_uncertain,1.0,0.0,1.0,True,ok,999.0,0.0485320012673412,0.0331464315782059,3736.6019409167616,2926.709245426337,500.0,150.0,,0.2000000005962811,100.00000029814058,500.0,0.2,500.0,100.00000029814058,70.0,100.0,True,complete_70_100ns,True,True,0.3544960467836762,True,1,1,1,True,True,complete nominal 70-100 ns coverage AND median corrected pose RMSD < 3 A,late_pose_retained_rmsd_v1,audited redundant; retained for provenance only,True,True,True,True,True,True,True,True,True,True,True,True,True,True,True,eligible,True,held_out_protein=PDR5_YEAST,50,14,0.7507668460191443,1,True
60,PDR5_YEAST|Milbemycin|pocket9|replica_1,PDR5_YEAST,Milbemycin,pocket9,replica_1,complete_discovered_separate_launch_cohort,True,True,True,/media/zhenli/datadrive/valleyfevermutation/simulation_20ns_md/PDR5_YEAST/simulation_explicit/pocket9/replica_1/PDR5_YEAST_prepared_Milbemycin_pocket9_complex_recombined_complex_explicit_initial_frame.pdb,/media/zhenli/datadrive/valleyfevermutation/simulation_20ns_md/PDR5_YEAST/simulation_explicit/pocket9/replica_1/PDR5_YEAST_prepared_Milbemycin_pocket9_complex_recombined_complex_explicit_trajectory.dcd,passed,True,,101.0,2.057110954059085,1.2225107660312478,0.6683168316831686,26,metric_discordant_uncertain,7.100695547396951,5.679674713515054,True,0,1,True,0.9,1.0907279301636428,5.4394393,1.444990057454345,248.41694034292772,248.41397687387723,0.8285913941730086,1.1177899304507706,0.7794947452032471,0.7797202797202797,1.5116088736983848,0.7876165471923771,0.7517482517482518,1.6915366467773134,0.9346281854009292,0.6468531468531469,1.382596290528573,0.6557130817283946,0.7167832167832169,1.4750620933246188,0.8796711101538297,0.7097902097902099,1.382596290528573,0.6557130817283946,0.7167832167832169,0.7167832167832169,1.382596290528573,0.6557130817283946,,,retained_stable,1.0,1.0,1.0,True,ok,999.0,0.0038470819884035,0.0042638260407461,4641.080644874617,8114.922357365021,,,,0.2000000005962811,100.00000029814058,500.0,0.2,500.0,100.00000029814058,70.0,100.0,True,complete_70_100ns,True,True,1.4210208338818973,True,0,0,0,True,True,complete nominal 70-100 ns coverage AND median corrected pose RMSD < 3 A,late_pose_retained_rmsd_v1,audited redundant; retained for provenance only,True,True,True,True,True,True,True,True,True,True,True,True,True,True,True,eligible,True,held_out_protein=PDR5_YEAST,50,14,0.840846803413506,1,True
61,SNQ2_CANGA|Milbemycin|pocket2|replica_1,SNQ2_CANGA,Milbemycin,pocket2,replica_1,complete_discovered_separate_launch_cohort,True,True,True,/media/zhenli/datadrive/valleyfevermutation/simulation_20ns_md/SNQ2_CANGA/simulation_explicit/pocket2/replica_1/SNQ2_CANGA_prepared_Milbemycin_pocket2_complex_recombined_complex_explicit_initial_frame.pdb,/media/zhenli/datadrive/valleyfevermutation/simulation_20ns_md/SNQ2_CANGA/simulation_explicit/pocket2/replica_1/SNQ2_CANGA_prepared_Milbemycin_pocket2_complex_recombined_complex_explicit_trajectory.dcd,passed,True,,101.0,2.67263231742546,1.897166972774653,0.8592337494619028,23,retained_stable,3.070605560580624,2.7276453203269693,True,0,0,True,1.0,0.6642997929603901,1.2429819,2.278440331614523,167.52434558250087,167.52104736383933,0.62826045996963,1.716492649303344,1.298369293527349,0.8636363636363636,2.4676355667270715,2.1695354171323986,0.8636363636363636,2.353855423785086,1.838623287626798,0.8030303030303029,2.444166011954077,2.2076937465653383,0.8068181818181818,2.296197292410588,1.9830011933796616,0.8030303030303031,2.444166011954077,2.2076937465653383,0.8068181818181818,0.8068181818181818,2.444166011954077,2.2076937465653383,,,retained_stable,1.0,1.0,1.0,True,ok,999.0,0.0249319173130723,0.0134485752357894,4142.614481233798,5076.261201979903,,,,0.2000000005962811,100.00000029814058,500.0,0.2,500.0,100.00000029814058,70.0,100.0,True,complete_70_100ns,True,True,0.3429602402536549,True,0,0,0,True,True,complete nominal 70-100 ns coverage AND median corrected pose RMSD < 3 A,late_pose_retained_rmsd_v1,audited redundant; retained for provenance only,True,True,True,True,True,True,True,True,True,True,True,True,True,True,True,eligible,True,held_out_protein=SNQ2_CANGA,48,14,0.6578037776650231,1,True
62,SNQ2_CANGA|Milbemycin|pocket4|replica_1,SNQ2_CANGA,Milbemycin,pocket4,replica_1,complete_discovered_separate_launch_cohort,True,True,True,/media/zhenli/datadrive/valleyfevermutation/simulation_20ns_md/SNQ2_CANGA/simulation_explicit/pocket4/replica_1/SNQ2_CANGA_prepared_Milbemycin_pocket4_complex_recombined_complex_explicit_initial_frame.pdb,/media/zhenli/datadrive/valleyfevermutation/simulation_20ns_md/SNQ2_CANGA/simulation_explicit/pocket4/replica_1/SNQ2_CANGA_prepared_Milbemycin_pocket4_complex_recombined_complex_explicit_trajectory.dcd,passed,True,,101.0,3.1802429035023536,2.376091653316436,0.8180693069306932,24,pocket_retained_perturbation,7.464254845272633,5.112356187917707,True,0,0,True,1.0,0.5108609969899164,2.1864965,6.255787231436674,151.96741823975478,151.8405907159572,0.6007059764655013,3.4080522062933607,1.996877596173045,0.7613636363636364,3.937977074662622,2.6272932660831336,0.6401515151515151,6.628402534034493,4.625582506278975,0.6136363636363635,6.726754659799273,4.512810480881246,0.5984848484848485,6.745494615656336,4.839720277424735,0.5833333333333334,6.726754659799273,4.512810480881246,0.5984848484848485,0.5984848484848485,6.726754659799273,4.512810480881246,,,pocket_lost_instability,0.0,0.0,0.0,True,ok,999.0,0.0366925687141143,0.0157888628118402,3537.1274095797794,5308.8042455022,500.0,150.0,,0.2000000005962811,100.00000029814058,500.0,0.2,500.0,100.00000029814058,70.0,100.0,True,complete_70_100ns,True,True,2.3518986573549254,True,0,0,0,True,True,complete nominal 70-100 ns coverage AND median corrected pose RMSD < 3 A,late_pose_retained_rmsd_v1,audited redundant; retained for provenance only,True,True,True,True,True,True,True,True,True,True,True,True,True,True,True,eligible,True,held_out_protein=SNQ2_CANGA,48,14,0.09433994087070421,0,True
63,SNQ2_CANGA|Milbemycin|pocket5|replica_1,SNQ2_CANGA,Milbemycin,pocket5,replica_1,complete_discovered_separate_launch_cohort,True,True,True,/media/zhenli/datadrive/valleyfevermutation/simulation_20ns_md/SNQ2_CANGA/simulation_explicit/pocket5/replica_1/SNQ2_CANGA_prepared_Milbemycin_pocket5_complex_recombined_complex_explicit_initial_frame.pdb,/media/zhenli/datadrive/valleyfevermutation/simulation_20ns_md/SNQ2_CANGA/simulation_explicit/pocket5/replica_1/SNQ2_CANGA_prepared_Milbemycin_pocket5_complex_recombined_complex_explicit_trajectory.dcd,passed,True,,101.0,4.560013869738073,3.505588415791382,0.7446958981612448,14,pocket_retained_perturbation,1.919825195146456,1.0816688346550816,True,1,1,True,0.5,1.2278225787727712,4.363201,2.2512779976284025,179.48672403334757,179.48065919543112,0.902893593439472,1.3600811386114122,1.0609951180676054,0.7757575757575758,2.0485302803002985,1.6687676515600869,0.7818181818181817,2.301279944402292,1.555566543647305,0.6606060606060605,1.905915896588348,1.2083471312750222,0.7151515151515152,2.190697022632335,1.4244614552140926,0.6787878787878788,1.905915896588348,1.2083471312750222,0.7151515151515152,0.7151515151515152,1.905915896588348,1.2083471312750222,,,retained_stable,1.0,1.0,1.0,True,ok,999.0,0.0056553775475788,-0.0136885914874371,4235.23210975033,5022.3922695255205,500.0,150.0,,0.2000000005962811,100.00000029814058,500.0,0.2,500.0,100.00000029814058,70.0,100.0,True,complete_70_100ns,True,True,0.8381563604913744,True,1,1,1,True,True,complete nominal 70-100 ns coverage AND median corrected pose RMSD < 3 A,late_pose_retained_rmsd_v1,audited redundant; retained for provenance only,True,True,True,True,True,True,True,True,True,True,True,True,True,True,True,eligible,True,held_out_protein=SNQ2_CANGA,48,14,0.7446277207333649,1,True
64,SNQ2_CANGA|Milbemycin|pocket9|replica_1,SNQ2_CANGA,Milbemycin,pocket9,replica_1,complete_discovered_separate_launch_cohort,True,True,True,/media/zhenli/datadrive/valleyfevermutation/simulation_20ns_md/SNQ2_CANGA/simulation_explicit/pocket9/replica_1/SNQ2_CANGA_prepared_Milbemycin_pocket9_complex_recombined_complex_explicit_initial_frame.pdb,/media/zhenli/datadrive/valleyfevermutation/simulation_20ns_md/SNQ2_CANGA/simulation_explicit/pocket9/replica_1/SNQ2_CANGA_prepared_Milbemycin_pocket9_complex_recombined_complex_explicit_trajectory.dcd,passed,True,,101.0,2.9871206211320347,2.1962897410779605,0.6047524752475248,25,metric_discordant_uncertain,5.654184196208517,4.634739819848718,True,0,1,True,1.0,1.1285334070081705,1.4438146,3.5294243906928684,72.6577704107412,72.63353252252794,0.913362763338831,2.4315963699924863,1.7611586376412118,0.6993006993006993,3.970979767997356,3.1799962130133608,0.6818181818181818,2.828897345031511,2.226193615920673,0.7447552447552447,3.6440445204481855,3.331349874917983,0.6713286713286715,2.693093865277614,2.161263518278325,0.6643356643356643,3.6440445204481855,3.331349874917983,0.6713286713286715,0.6713286713286715,3.6440445204481855,3.331349874917983,,,pocket_lost_instability,0.0,1.0,0.0,True,ok,999.0,0.0172230286780908,0.0193105042501021,4348.896962808239,5138.649362117108,,,,0.2000000005962811,100.00000029814058,500.0,0.2,500.0,100.00000029814058,70.0,100.0,True,complete_70_100ns,True,True,1.0194443763597985,True,0,0,0,True,True,complete nominal 70-100 ns coverage AND median corrected pose RMSD < 3 A,late_pose_retained_rmsd_v1,audited redundant; retained for provenance only,True,True,True,True,True,True,True,True,True,True,True,True,True,True,True,eligible,True,held_out_protein=SNQ2_CANGA,48,14,0.450884912401502,0,True
